--
-- PostgreSQL database dump
--

-- Dumped from database version 10.10 (Ubuntu 10.10-0ubuntu0.18.04.1)
-- Dumped by pg_dump version 10.10 (Ubuntu 10.10-0ubuntu0.18.04.1)

SET statement_timeout = 0;
SET lock_timeout = 0;
SET idle_in_transaction_session_timeout = 0;
SET client_encoding = 'UTF8';
SET standard_conforming_strings = on;
SELECT pg_catalog.set_config('search_path', '', false);
SET check_function_bodies = false;
SET xmloption = content;
SET client_min_messages = warning;
SET row_security = off;

--
-- Name: plpgsql; Type: EXTENSION; Schema: -; Owner: 
--

CREATE EXTENSION IF NOT EXISTS plpgsql WITH SCHEMA pg_catalog;


--
-- Name: EXTENSION plpgsql; Type: COMMENT; Schema: -; Owner: 
--

COMMENT ON EXTENSION plpgsql IS 'PL/pgSQL procedural language';


SET default_tablespace = '';

SET default_with_oids = false;

--
-- Name: areas; Type: TABLE; Schema: public; Owner: postgres
--

CREATE TABLE public.areas (
    area text NOT NULL,
    name text NOT NULL,
    id bigint NOT NULL
);


ALTER TABLE public.areas OWNER TO postgres;

--
-- Name: areas_id_seq; Type: SEQUENCE; Schema: public; Owner: postgres
--

CREATE SEQUENCE public.areas_id_seq
    START WITH 1
    INCREMENT BY 1
    NO MINVALUE
    NO MAXVALUE
    CACHE 1;


ALTER TABLE public.areas_id_seq OWNER TO postgres;

--
-- Name: areas_id_seq; Type: SEQUENCE OWNED BY; Schema: public; Owner: postgres
--

ALTER SEQUENCE public.areas_id_seq OWNED BY public.areas.id;


--
-- Name: settlements; Type: TABLE; Schema: public; Owner: postgres
--

CREATE TABLE public.settlements (
    ekatte text NOT NULL,
    name text NOT NULL,
    t_v_m integer NOT NULL,
    id bigint NOT NULL,
    township_id bigint
);


ALTER TABLE public.settlements OWNER TO postgres;

--
-- Name: settlements_id_seq; Type: SEQUENCE; Schema: public; Owner: postgres
--

CREATE SEQUENCE public.settlements_id_seq
    START WITH 1
    INCREMENT BY 1
    NO MINVALUE
    NO MAXVALUE
    CACHE 1;


ALTER TABLE public.settlements_id_seq OWNER TO postgres;

--
-- Name: settlements_id_seq; Type: SEQUENCE OWNED BY; Schema: public; Owner: postgres
--

ALTER SEQUENCE public.settlements_id_seq OWNED BY public.settlements.id;


--
-- Name: townships; Type: TABLE; Schema: public; Owner: postgres
--

CREATE TABLE public.townships (
    township text NOT NULL,
    name text NOT NULL,
    area_id bigint,
    id bigint NOT NULL
);


ALTER TABLE public.townships OWNER TO postgres;

--
-- Name: townships_id_seq; Type: SEQUENCE; Schema: public; Owner: postgres
--

CREATE SEQUENCE public.townships_id_seq
    START WITH 1
    INCREMENT BY 1
    NO MINVALUE
    NO MAXVALUE
    CACHE 1;


ALTER TABLE public.townships_id_seq OWNER TO postgres;

--
-- Name: townships_id_seq; Type: SEQUENCE OWNED BY; Schema: public; Owner: postgres
--

ALTER SEQUENCE public.townships_id_seq OWNED BY public.townships.id;


--
-- Name: types; Type: TABLE; Schema: public; Owner: ekatte_user
--

CREATE TABLE public.types (
    id integer NOT NULL,
    t_v_m text
);


ALTER TABLE public.types OWNER TO ekatte_user;

--
-- Name: types_id_seq; Type: SEQUENCE; Schema: public; Owner: ekatte_user
--

CREATE SEQUENCE public.types_id_seq
    AS integer
    START WITH 1
    INCREMENT BY 1
    NO MINVALUE
    NO MAXVALUE
    CACHE 1;


ALTER TABLE public.types_id_seq OWNER TO ekatte_user;

--
-- Name: types_id_seq; Type: SEQUENCE OWNED BY; Schema: public; Owner: ekatte_user
--

ALTER SEQUENCE public.types_id_seq OWNED BY public.types.id;


--
-- Name: areas id; Type: DEFAULT; Schema: public; Owner: postgres
--

ALTER TABLE ONLY public.areas ALTER COLUMN id SET DEFAULT nextval('public.areas_id_seq'::regclass);


--
-- Name: settlements id; Type: DEFAULT; Schema: public; Owner: postgres
--

ALTER TABLE ONLY public.settlements ALTER COLUMN id SET DEFAULT nextval('public.settlements_id_seq'::regclass);


--
-- Name: townships id; Type: DEFAULT; Schema: public; Owner: postgres
--

ALTER TABLE ONLY public.townships ALTER COLUMN id SET DEFAULT nextval('public.townships_id_seq'::regclass);


--
-- Name: types id; Type: DEFAULT; Schema: public; Owner: ekatte_user
--

ALTER TABLE ONLY public.types ALTER COLUMN id SET DEFAULT nextval('public.types_id_seq'::regclass);


--
-- Data for Name: areas; Type: TABLE DATA; Schema: public; Owner: postgres
--

COPY public.areas (area, name, id) FROM stdin;
BLG	Благоевград	1
BGS	Бургас	2
VAR	Варна	3
VTR	Велико Търново	4
VID	Видин	5
VRC	Враца	6
GAB	Габрово	7
DOB	Добрич	8
KRZ	Кърджали	9
KNL	Кюстендил	10
LOV	Ловеч	11
MON	Монтана	12
PAZ	Пазарджик	13
PER	Перник	14
PVN	Плевен	15
PDV	Пловдив	16
RAZ	Разград	17
RSE	Русе	18
SLS	Силистра	19
SLV	Сливен	20
SML	Смолян	21
SFO	София	22
SOF	София (столица)	23
SZR	Стара Загора	24
TGV	Търговище	25
HKV	Хасково	26
SHU	Шумен	27
JAM	Ямбол	28
\.


--
-- Data for Name: settlements; Type: TABLE DATA; Schema: public; Owner: postgres
--

COPY public.settlements (ekatte, name, t_v_m, id, township_id) FROM stdin;
14	Абланица	1	1	243
28	Абланица	1	2	130
881	Абланица	1	3	45
31	Абрит	1	4	121
59	Аврамово	1	5	264
62	Аврамово	1	6	9
84	Аврен	1	7	1
93	Аврен	1	8	120
103	Агатово	1	9	204
117	Азманите	1	10	238
895	Айдемир	1	11	206
148	Айрово	1	12	125
151	Айтос	2	13	3
165	Аканджиево	1	14	17
179	Акациево	1	15	49
182	Аксаково	2	16	4
196	Аламовци	1	17	93
206	Албанци	1	18	71
215	Алваново	1	19	241
223	Алдомировци	1	20	211
254	Алеко Константиново	1	21	165
237	Алеково	1	22	202
240	Алеково	1	23	5
268	Александрия	1	24	121
271	Александрово	1	25	175
285	Александрово	1	26	202
299	Александрово	1	27	130
309	Александрово	1	28	163
312	Александрово	1	29	241
326	Александрово	1	30	246
330	Александрово	1	31	214
343	Александрово	1	32	223
360	Александър Стамболийски	1	33	56
83421	Алендарова	1	34	45
388	Алиговска	1	35	213
391	Алино	1	36	196
401	Алтимир	1	37	41
415	Алфатар	2	38	5
429	Алцек	1	39	74
446	Ангел войвода	1	40	145
432	Ангеларий	1	41	232
456	Ангелов	1	42	55
480	Анево	1	43	216
494	Антимово	1	44	240
919	Антимово	1	45	49
504	Антон	1	46	6
518	Антоново	2	47	7
521	Аплаци	1	48	85
549	Априлово	1	49	60
552	Априлово	1	50	66
566	Априлово	1	51	176
571	Априлци	1	52	165
905	Априлци	1	53	108
52218	Априлци	2	54	8
583	Арбанаси	1	55	44
597	Арда	1	56	213
607	Ардино	2	57	9
610	Арзан	1	58	35
624	Арковна	1	59	84
638	Армените	1	60	55
641	Армянковци	1	61	238
655	Арнаутито	1	62	221
669	Арпаджик	1	63	137
672	Арчар	1	64	73
697	Асен	1	65	163
702	Асеновград	2	66	10
713	Асеновец	1	67	156
730	Асеново	1	68	222
744	Асеново	1	69	155
758	Асеново	1	70	239
761	Асеновци	1	71	127
775	Аспарухово	1	72	106
789	Аспарухово	1	73	84
792	Аспарухово	1	74	142
802	Аспарухово	1	75	127
63015	Атия	1	76	215
816	Атолово	1	77	223
828	Ауста	1	78	147
833	Ахелой	2	79	175
847	Ахматово	1	80	195
864	Ахрянско	1	81	9
878	Ахтопол	2	82	250
2021	Баба Тонка	1	83	176
2035	Бабек	1	84	36
2049	Бабино	1	85	22
2052	Бабинска река	1	86	22
7884	Бабинци	1	87	233
2066	Бабица	1	88	35
2076	Баблон	1	89	213
2083	Бабово	1	90	212
2097	Бабук	1	91	206
2107	Бабяк	1	92	16
2110	Багалевци	1	93	85
2124	Багра	1	94	125
2138	Багренци	1	95	126
2141	Багрилци	1	96	120
2155	Багрянка	1	97	147
2169	Бадевци	1	98	85
2172	Бадино	1	99	23
2191	Баевци	1	100	85
2207	Баевци	1	101	55
2213	Баждари	1	102	85
2227	Байкал	1	103	76
2230	Байкалско	1	104	183
2244	Байково	1	105	248
2258	Байлово	1	106	60
2261	Бакалите	1	107	256
2289	Бакьово	1	108	203
2292	Балабаново	1	109	147
2302	Балабанско	1	110	236
2333	Балалея	1	111	81
3558	Белиш	1	226	236
2347	Баланите	1	112	55
2350	Баланово	1	113	83
2364	Балван	1	114	44
2378	Балванците	1	115	81
2381	Балдево	1	116	67
2395	Балей	1	117	34
2405	Балик	1	118	232
2419	Балиновци	1	119	55
2436	Балкан	1	120	220
2453	Балкан махала	1	121	134
2448	Балканец	1	122	236
2467	Балкански	1	123	184
2470	Балканци	1	124	222
2484	Балканци	1	125	56
2498	Балуци	1	126	85
2508	Балчик	2	127	11
2511	Балша	1	128	217
2539	Бальовци	1	129	98
2542	Балювица	1	130	20
2556	Банари	1	131	81
2563	Бангейци	1	132	238
2587	Баниска	1	133	68
44402	Баните	1	134	12
2590	Баница	1	135	50
2600	Баничан	1	136	62
2614	Банище	1	137	35
2628	Банковец	1	138	7
2631	Банковци	1	139	55
2645	Банкя	1	140	237
2659	Банкя	2	141	217
2662	Баново	1	142	226
2676	Банско	2	143	13
2689	Банчовци	1	144	98
2693	Баня	1	145	185
2703	Баня	1	146	152
2717	Баня	1	147	166
2720	Баня	2	148	105
2734	Баня	1	149	156
2748	Бараково	1	150	116
2751	Бараци	1	151	120
2779	Барутин	1	152	79
2796	Басарбово	1	153	194
2806	Баскалци	1	154	169
2810	Бата	1	155	175
2823	Батак	1	156	164
2837	Батак	2	157	14
72223	Батановци	2	158	167
2854	Батин	1	159	30
2868	Батишница	1	160	68
2871	Батово	1	161	74
2885	Батошево	1	162	204
2899	Батулия	1	163	203
2909	Батулци	1	164	262
2912	Баурене	1	165	118
2926	Бахалин	1	166	211
2935	Баховица	1	167	130
2943	Бахреци	1	168	238
2957	Бацова махала	1	169	155
2960	Бачево	1	170	185
2974	Бачково	1	171	10
2991	Башево	1	172	9
3006	Бащино	1	173	125
3017	Бащино	1	174	58
3023	Бащино	1	175	161
3037	Баячево	1	176	241
3040	Бдинци	1	177	74
3054	Беброво	1	178	85
3068	Беглеж	1	179	172
3085	Бегово	1	180	102
3099	Бегуновци	1	181	35
3109	Бегунци	1	182	105
3112	Беден	1	183	69
3126	Беджене	1	184	157
3143	Бежаново	1	185	133
3157	Бежаново	1	186	56
3174	Безводица	1	187	11
3188	Безводно	1	188	256
3191	Безден	1	189	114
3201	Безденица	1	190	148
3215	Безмер	1	191	232
3229	Безмер	1	192	239
3232	Бейковци	1	193	85
3246	Бекриите	1	194	55
3561	Бел камен	1	195	264
3263	Бела	1	196	73
3280	Бела Рада	1	197	49
3277	Беланица	1	198	183
3294	Беласица	1	199	169
3304	Белащица	1	200	189
3318	Белгун	1	201	99
3321	Белев дол	1	202	213
3335	Белевехчево	1	203	198
3349	Белеврен	1	204	218
3366	Белене	2	205	15
3373	Беленци	1	206	133
3383	Бели брег	1	207	26
3397	Бели брод	1	208	26
3407	Бели бряг	1	209	182
3410	Бели вир	1	210	256
3424	Бели дол	1	211	94
3438	Бели извор	1	212	50
3441	Бели Искър	1	213	196
24092	Бели Лом	1	214	131
3486	Бели Осъм	1	215	236
3499	Бели пласт	1	216	125
3455	Белила	1	217	218
3469	Белимел	1	218	257
3472	Белинци	1	219	97
3504	Белица	2	220	16
3513	Белица	1	221	238
3527	Белица	1	222	240
3530	Белица	1	223	134
3544	Белица	1	224	135
7960	Белица	1	225	98
3664	Бело поле	1	227	21
3678	Бело поле	1	228	193
3575	Беловец	1	229	122
3589	Беловица	1	230	247
3592	Белово	2	231	17
3602	Белоградец	1	232	48
3616	Белоградчик	2	233	18
27440	Белодол	1	234	175
3620	Белозем	1	235	187
3633	Белокопитово	1	236	261
3647	Беломорци	1	237	159
3650	Беломъжите	1	238	55
3681	Белополци	1	239	94
3695	Белополяне	1	240	94
3705	Белопопци	1	241	60
3719	Белослав	2	242	19
3722	Белотинци	1	243	148
3745	Белцов	1	244	251
3753	Белчевци	1	245	44
3767	Белчин	1	246	196
3770	Белчински бани	1	247	196
3784	Бельово	1	248	198
3798	Беляковец	1	249	44
3808	Беляново	1	250	251
3811	Бенковски	1	251	1
3825	Бенковски	1	252	108
3839	Бенковски	1	253	141
3842	Бенковски	1	254	146
3856	Бенковски	1	255	221
3860	Бенковски	1	256	74
3873	Берайнци	1	257	237
3887	Беренде	1	258	90
3890	Беренде	1	259	80
3900	Беренде извор	1	260	80
3914	Бериево	1	261	204
3928	Берковица	2	262	20
3931	Берковски	1	263	176
3945	Берковци	1	264	85
3959	Бероново	1	265	227
3962	Берсин	1	266	126
3976	Беслен	1	267	243
3986	Беснурка	1	268	256
3993	Биволаре	1	269	76
4008	Биволяне	1	270	147
4011	Бижовци	1	271	44
4025	Бижовци	1	272	238
4039	Биково	1	273	210
4042	Билинци	1	274	35
4056	Билка	1	275	192
4068	Билкини	1	276	81
4090	Било	1	277	99
4100	Билянска	1	278	213
4114	Бинкос	1	279	210
7836	Биркова	1	280	45
4128	Бисер	1	281	245
4131	Бисерци	1	282	122
4145	Бистра	1	283	5
4159	Бистра	1	284	241
4162	Бистренци	1	285	39
4176	Бистрец	1	286	218
4193	Бистрец	1	287	121
4203	Бистрилица	1	288	20
4217	Бистрица	1	289	21
4220	Бистрица	1	290	83
4234	Бистрица	1	291	217
4248	Бистроглед	1	292	9
4251	Благово	1	293	148
4265	Благово	1	294	261
4279	Благоевград	2	295	21
4282	Благоево	1	296	222
4296	Благоево	1	297	184
4306	Благун	1	298	120
4314	Блажиево	1	299	23
4323	Блатец	1	300	126
4337	Блатец	1	301	210
4340	Блатешница	1	302	90
4354	Блатино	1	303	83
4368	Блатница	1	304	224
4371	Блато	1	305	22
4399	Блатска	1	306	243
4409	Бленика	1	307	125
4412	Близнак	1	308	140
4426	Близнаци	1	309	1
4430	Близнаци	1	310	248
4443	Близнец	1	311	231
4457	Блъсково	1	312	180
4460	Блъсковци	1	313	85
4474	Боазът	1	314	204
4488	Бобевци	1	315	55
4491	Бобешино	1	316	126
4501	Бобов дол	2	317	22
4515	Бобовец	1	318	11
4529	Бобораци	1	319	183
4532	Бобошево	2	320	23
4546	Бов	1	321	203
14461	Бов	1	322	203
7925	Богатино	1	323	9
4555	Богатово	1	324	204
4563	Богдан	1	325	105
4580	Богдан	1	326	74
4594	Богданица	1	327	195
4604	Богданлия	1	328	86
4618	Богданов дол	1	329	167
4621	Богданово	1	330	218
4635	Богданово	1	331	156
4649	Богдановци	1	332	98
4652	Богданско	1	333	85
4666	Богданци	1	334	197
4670	Богданци	1	335	58
4683	Богданчовци	1	336	55
4697	Богойна	1	337	237
4707	Боголин	1	338	200
4724	Богомил	1	339	245
4738	Богомилово	1	340	221
4741	Богомилци	1	341	197
4755	Богомолско	1	342	7
4772	Богорово	1	343	206
4786	Богорово	1	344	223
66322	Богородица	1	345	169
4796	Богослов	1	346	126
4801	Богутево	1	347	254
4813	Богьовци	1	348	114
4827	Боденец	1	349	143
4844	Бодрово	1	350	72
4861	Боево	1	351	191
4892	Боерица	1	352	98
4902	Божак	1	353	125
4916	Божан	1	354	232
4927	Божаново	1	355	260
4933	Бождово	1	356	198
4947	Божевци	1	357	210
4950	Боженица	1	358	31
4964	Боженците	1	359	55
4981	Божичен	1	360	95
5009	Божурец	1	361	99
5013	Божурица	1	362	76
5027	Божурище	2	363	24
5030	Божурка	1	364	241
5044	Божурлук	1	365	127
5058	Божурово	1	366	122
5061	Божурово	1	367	74
5075	Божурово	1	368	53
5089	Божурци	1	369	256
5092	Бозаджии	1	370	210
5102	Бозвелийско	1	371	180
17960	Боздуганово	1	372	182
7853	Бозьова	1	373	45
5124	Боил	1	374	82
5147	Бойковец	1	375	88
5150	Бойково	1	376	189
5164	Бойковци	1	377	85
5181	Бойник	1	378	120
5195	Бойница	1	379	25
5205	Бойно	1	380	125
5219	Бойновци	1	381	55
5222	Бойчеви колиби	1	382	44
7908	Бойчета	1	383	55
5236	Бойчиновци	2	384	26
5240	Бойчовци	1	385	44
5253	Бокиловци	1	386	20
5267	Болтата	1	387	55
5270	Болярино	1	388	187
5284	Болярово	2	389	27
5298	Болярски извор	1	390	245
5308	Болярско	1	391	239
5311	Болярци	1	392	1
5325	Болярци	1	393	125
5339	Болярци	1	394	195
5342	Бонево	1	395	232
7870	Бор	1	396	10
5356	Борец	1	397	36
5365	Борие	1	398	191
5387	Борика	1	399	137
5390	Борика	1	400	98
5400	Борики	1	401	55
5414	Бориково	1	402	213
5428	Бориловец	1	403	25
5431	Борилово	1	404	221
5445	Борима	1	405	236
5459	Боримечково	1	406	128
5462	Борино	1	407	28
5476	Бориново	1	408	137
5480	Боринци	1	409	115
5493	Борислав	1	410	177
5503	Бориславци	1	411	138
5517	Борисово	1	412	212
5520	Борисово	1	413	87
5534	Борнарево	1	414	183
5551	Боров дол	1	415	231
5548	Борован	1	416	29
5565	Боровец	1	417	116
5579	Боровина	1	418	137
5582	Боровица	1	419	18
80176	Боровица	1	420	9
5596	Боровичене	1	421	169
5606	Борово	1	422	62
5611	Борово	2	423	30
5623	Борово	1	424	134
5637	Борово	1	425	221
5640	Боровско	1	426	256
5654	Боровци	1	427	20
5668	Борското	1	428	55
5671	Борущица	1	429	149
5685	Борци	1	430	46
5699	Боряна	1	431	84
5709	Босевци	1	432	85
5712	Босилица	1	433	256
5726	Босилково	1	434	227
5737	Босилково	1	435	12
5743	Босилковци	1	436	39
5757	Босна	1	437	209
5760	Боснек	1	438	167
5791	Бостанци	1	439	256
5801	Бостина	1	440	213
5815	Ботевград	2	441	31
5829	Ботево	1	442	4
5832	Ботево	1	443	49
5846	Ботево	1	444	244
5852	Ботево	1	445	51
5863	Ботево	1	446	239
5877	Ботров	1	447	39
5894	Ботуня	1	448	118
5904	Ботурче	1	449	94
5918	Бохова	1	450	237
5921	Бохот	1	451	172
5935	Бочковци	1	452	44
5949	Бошуля	1	453	205
5952	Бояджик	1	454	239
5966	Боян	1	455	46
5983	Боян Ботево	1	456	145
5978	Бояна	1	457	52
5997	Бояново	1	458	63
6001	Бояново	1	459	87
6015	Бояновци	1	460	44
6029	Боянци	1	461	10
6032	Брадвари	1	462	206
6046	Бракница	1	463	176
6050	Бракьовци	1	464	59
6077	Браниполе	1	465	189
6080	Браница	1	466	245
6094	Браничево	1	467	104
6104	Бранище	1	468	74
6118	Бранковци	1	469	44
6121	Бранковци	1	470	63
6135	Братан	1	471	115
6149	Братаница	1	472	165
6152	Братово	1	473	38
6166	Братово	1	474	241
6175	Братушково	1	475	211
6183	Братя Даскалови	1	476	32
6197	Братя Кунчеви	1	477	221
6207	Брацигово	2	478	33
6210	Брегаре	1	479	76
6224	Брегово	2	480	34
7942	Брегово	1	481	108
7939	Брежана	1	482	71
6238	Брежани	1	483	208
6241	Брежниците	1	484	238
6255	Бреза	1	485	191
6269	Брезе	1	486	69
6272	Брезе	1	487	203
77116	Брезен	1	488	9
6286	Брезник	2	489	35
6306	Брезница	1	490	62
6313	Брезнишки извор	1	491	35
6327	Брезовдол	1	492	203
6344	Брезово	1	493	85
6361	Брезово	2	494	36
6375	Бреница	1	495	109
6389	Бреница	1	496	240
6392	Брест	1	497	235
6402	Брест	1	498	64
6416	Брестак	1	499	52
6421	Брестака	1	500	146
6433	Бресте	1	501	255
6447	Брестник	1	502	189
6450	Брестница	1	503	262
6464	Брестница	1	504	232
6478	Брестова	1	505	65
6481	Брестовене	1	506	89
6495	Брестовец	1	507	172
6505	Брестовица	1	508	189
6519	Брестовица	1	509	30
6522	Брестово	1	510	208
6536	Брестово	1	511	130
6547	Брод	1	512	72
6553	Бродилово	1	513	250
6567	Брош	1	514	125
6570	Брусарци	2	515	37
6584	Брусевци	1	516	138
6598	Брусен	1	517	143
6608	Брусен	1	518	88
6625	Брусино	1	519	94
6639	Брусник	1	520	35
6642	Брънеците	1	521	55
6662	Бръчковци	1	522	85
6673	Бръшлен	1	523	212
6687	Бръшлян	1	524	140
6690	Бръшляница	1	525	172
6700	Бръщен	1	526	79
6728	Бряговец	1	527	120
6731	Бряговица	1	528	222
6745	Брягово	1	529	181
6759	Брягово	1	530	246
6762	Бряст	1	531	72
6776	Брястовец	1	532	38
6788	Брястово	1	533	156
6793	Брястово	1	534	11
6803	Брястово	1	535	145
6817	Бубино	1	536	94
6848	Бузовград	1	537	100
6851	Бузяковци	1	538	98
6865	Буйновица	1	539	46
6879	Буйново	1	540	28
6882	Буйново	1	541	241
6896	Буйновци	1	542	85
6906	Бук	1	543	120
6919	Букак	1	544	7
6923	Буката	1	545	213
2988	Букаците	1	546	213
6937	Букова поляна	1	547	137
6940	Буковец	1	548	44
6954	Буковец	1	549	49
6968	Буковец	1	550	41
6971	Буковец	1	551	37
6985	Буковец	1	552	203
6999	Буковлък	1	553	172
7003	Буково	1	554	62
7017	Буково	1	555	137
56335	Буково	1	556	181
7020	Букоровци	1	557	59
7034	Булаир	1	558	78
7048	Буново	1	559	126
7051	Буново	1	560	146
7822	Бунцево	1	561	264
7065	Бураново	1	562	116
7079	Бургас	2	563	38
7911	Бурево	1	564	151
7082	Буря	1	565	204
7096	Бусинци	1	566	237
7106	Бусманци	1	567	217
7116	Бутан	1	568	111
7123	Бутово	1	569	164
7867	Бутрева	1	570	45
7137	Бутроинци	1	571	237
7140	Бухово	2	572	217
7154	Буховци	1	573	241
7171	Бучин проход	1	574	114
7168	Бучино	1	575	21
7185	Бучуковци	1	576	81
7199	Бъдеще	1	577	221
7209	Бъзовец	1	578	51
7212	Бъзовец	1	579	68
7226	Бъзовица	1	580	235
7231	Бъзън	1	581	194
7243	Българаново	1	582	159
7257	Българево	1	583	99
7260	Българене	1	584	130
7274	Българене	1	585	127
7288	Българене	1	586	182
7291	Българи	1	587	250
7315	Българин	1	588	245
7329	Българка	1	589	206
7332	Българово	2	590	38
7346	Българска поляна	1	591	234
7357	Български извор	1	592	233
7363	Българско Сливово	1	593	202
7377	Българчево	1	594	21
7380	Бънзарето	1	595	149
7394	Бърдарево	1	596	78
7404	Бърдарите	1	597	238
7418	Бърдарски геран	1	598	41
7421	Бърдени	1	599	238
7435	Бърдо	1	600	98
7452	Бърдоква	1	601	97
7472	Бърза река	1	602	256
7497	Бързина	1	603	244
7507	Бързица	1	604	180
7510	Бързия	1	605	20
7524	Бъркач	1	606	77
7538	Бъркачево	1	607	41
7541	Бърложница	1	608	211
7555	Бърля	1	609	59
7569	Бърчево	1	610	191
7572	Бъта	1	611	166
7586	Бяга	1	612	33
7729	Бял бряг	1	613	214
7747	Бял извор	1	614	9
7750	Бял извор	1	615	161
7778	Бял кладенец	1	616	156
7781	Бял кладенец	1	617	220
7598	Бяла	2	618	40
7603	Бяла	2	619	39
7613	Бяла	1	620	210
7627	Бяла вода	1	621	140
7630	Бяла вода	1	622	15
7644	Бяла паланка	1	623	231
7658	Бяла поляна	1	624	125
7661	Бяла река	1	625	228
7675	Бяла река	1	626	181
7689	Бяла река	1	627	191
7692	Бяла река	1	628	53
7702	Бяла Слатина	2	629	41
7716	Бяла черква	2	630	164
7733	Бялградец	1	631	94
7764	Бялка	1	632	125
7795	Бялково	1	633	55
7805	Бялковци	1	634	85
7819	Бяло поле	1	635	161
10015	Вазово	1	636	97
10029	Вакарел	1	637	98
10032	Ваклино	1	638	260
10046	Ваклиново	1	639	200
10050	Ваксево	1	640	150
13069	Валевци	1	641	204
10063	Валето	1	642	85
10080	Варана	1	643	127
10094	Варвара	1	644	250
10104	Варвара	1	645	205
10118	Вардим	1	646	202
10121	Вардун	1	647	241
10135	Варна	2	648	42
10149	Варненци	1	649	240
10152	Варник	1	650	201
10166	Варовник	1	651	218
10176	Васил Друмев	1	652	261
10207	Васил Левски	1	653	105
10210	Васил Левски	1	654	5
10224	Васил Левски	1	655	161
10238	Васил Левски	1	656	241
10183	Василево	1	657	56
10255	Василовци	1	658	37
10269	Василовци	1	659	80
10272	Васильово	1	660	233
10286	Васково	1	661	135
10291	Ведраре	1	662	105
10307	Ведрина	1	663	74
10313	Ведрово	1	664	227
10327	Везенково	1	665	227
10330	Векилски	1	666	153
10344	Веленци	1	667	238
10358	Велешани	1	668	125
10361	Велика	1	669	250
10375	Великан	1	670	72
10389	Великденче	1	671	71
10392	Великденче	1	672	159
58222	Велики Преслав	2	673	43
10447	Велико Търново	2	674	44
10416	Великово	1	675	66
10422	Великово	1	676	56
10433	Великовци	1	677	7
10450	Велинград	2	678	45
10464	Велино	1	679	261
10478	Велиново	1	680	237
76056	Велислав	1	681	227
10481	Величка	1	682	159
10495	Величково	1	683	84
10505	Величково	1	684	165
10519	Велково	1	685	238
10522	Велковци	1	686	85
10536	Велковци	1	687	55
10548	Велковци	1	688	35
10553	Велчево	1	689	44
10567	Велчево	1	690	8
10570	Велчовци	1	691	238
10584	Вельово	1	692	7
10598	Велювци	1	693	85
10608	Велющец	1	694	225
10611	Венелин	1	695	78
10625	Венец	1	696	106
10639	Венец	1	697	161
10642	Венец	1	698	46
10656	Венковец	1	699	98
10663	Венчан	1	700	180
10673	Верен	1	701	32
10687	Веренци	1	702	159
10690	Веринско	1	703	98
10700	Верско	1	704	256
10714	Веселец	1	705	89
10728	Веселец	1	706	159
10731	Веселие	1	707	179
10745	Веселина	1	708	85
10759	Веселина	1	709	131
10762	Веселиново	1	710	214
10776	Веселиново	1	711	239
10789	Веслец	1	712	50
10803	Ветово	2	713	47
10817	Ветрен	1	714	150
10820	Ветрен	2	715	205
10834	Ветрен	1	716	206
10848	Ветрен	1	717	149
10851	Ветрен дол	1	718	205
10865	Ветрино	1	719	48
10879	Ветринци	1	720	44
10882	Ветрище	1	721	261
10896	Ветрово	1	722	55
10906	Ветрушка	1	723	94
10910	Вехтино	1	724	137
10923	Вехтово	1	725	261
10937	Вещица	1	726	18
10954	Виден	1	727	163
10971	Видин	2	728	49
10985	Видинци	1	729	239
10999	Видлица	1	730	57
11003	Видно	1	731	99
11017	Видрар	1	732	237
11020	Видраре	1	733	178
11034	Видрица	1	734	35
11048	Виево	1	735	213
11051	Визица	1	736	140
11065	Виларе	1	737	44
11079	Винарово	1	738	158
11082	Винарово	1	739	258
11096	Винарско	1	740	103
11106	Винево	1	741	145
11123	Виница	1	742	181
11137	Винище	1	743	148
11140	Виноград	1	744	222
11154	Виноградец	1	745	205
11168	Виногради	1	746	198
11171	Вирове	1	747	148
11185	Вировско	1	748	50
11199	Вис	1	749	94
11209	Вискяр	1	750	167
11212	Висок	1	751	159
11226	Висока	1	752	125
11232	Висока могила	1	753	23
11243	Висока поляна	1	754	125
11257	Висока поляна	1	755	248
11260	Високите	1	756	137
11274	Високовци	1	757	85
11288	Витановци	1	758	167
11301	Витина	1	759	191
11315	Вихрен	1	760	198
11329	Вичово	1	761	56
11332	Вишан	1	762	80
11346	Вишеград	1	763	125
11358	Вишлене	1	764	169
11363	Вишна	1	765	192
11377	Вишнево	1	766	12
11380	Вишовград	1	767	164
11394	Владая	1	768	217
11404	Владимир	1	769	183
11418	Владимирово	1	770	26
11421	Владимирово	1	771	74
11435	Владимирово	1	772	234
11449	Владимировци	1	773	197
11452	Владиня	1	774	130
11466	Владислав	1	775	222
11483	Владиславци	1	776	80
11497	Владиченци	1	777	73
11510	Владо Тричков	1	778	203
11507	Владовци	1	779	238
11524	Влайчовци	1	780	55
11541	Власатили	1	781	238
11555	Власатица	1	782	50
11569	Влахи	1	783	117
11572	Влахово	1	784	213
11586	Влаховци	1	785	55
11604	Водата	1	786	213
11613	Водач	1	787	256
11627	Воден	1	788	181
11644	Воден	1	789	72
11658	Воден	1	790	27
11661	Воденичане	1	791	223
11675	Воденичарово	1	792	221
11689	Воденичарско	1	793	71
11692	Воденци	1	794	220
11702	Водица	1	795	4
11716	Водица	1	796	176
11720	Водна	1	797	63
11733	Водни пад	1	798	69
11750	Водно	1	799	222
11764	Водно	1	800	82
11778	Воднянци	1	801	73
11781	Воднянци	1	802	74
11795	Водолей	1	803	44
11805	Вождово	1	804	256
11819	Войвода	1	805	157
11822	Войводенец	1	806	220
11836	Войводино	1	807	52
11845	Войводиново	1	808	141
11853	Войводово	1	809	144
11867	Войводово	1	810	246
11870	Войкова лъка	1	811	191
11884	Войнеговци	1	812	217
11898	Войнежа	1	813	44
11908	Войника	1	814	223
11911	Войниково	1	815	232
11925	Войница	1	816	49
11939	Войници	1	817	148
11956	Войниците	1	818	238
11960	Войнишка	1	819	204
11987	Войново	1	820	256
11990	Войново	1	821	101
12005	Войнягово	1	822	105
12019	Войсил	1	823	141
12022	Вокил	1	824	82
12036	Волно	1	825	169
12042	Воловарово	1	826	258
12053	Воловарци	1	827	125
12067	Волово	1	828	30
12084	Волуяк	1	829	217
12098	Вонеща вода	1	830	44
12108	Врабево	1	831	236
12111	Врабците	1	832	55
12139	Врабча	1	833	237
12142	Вракуповица	1	834	225
12989	Враненци	1	835	45
12156	Врани кон	1	836	159
12168	Враниловци	1	837	55
12173	Вранино	1	838	99
12187	Вранинци	1	839	137
12190	Вранско	1	840	120
12200	Враня	1	841	198
12228	Враня стена	1	842	90
12214	Враняк	1	843	41
12992	Врата	1	844	10
12231	Вратарите	1	845	74
12245	Вратица	1	846	103
48355	Вратца	1	847	126
12259	Враца	2	848	50
12262	Врачанци	1	849	74
12283	Врачеш	1	850	31
12293	Врело	1	851	147
12303	Вресово	1	852	192
12317	Връв	1	853	34
12320	Връдловци	1	854	59
12334	Всемирци	1	855	45
12348	Вукан	1	856	237
12351	Вуково	1	857	23
12365	Въбел	1	858	155
12382	Въгларово	1	859	246
12396	Въглевци	1	860	44
12406	Въглен	1	861	4
12414	Въглен	1	862	210
12423	Възел	1	863	256
12440	Вълкан	1	864	58
12454	Вълков дол	1	865	55
12468	Вълкович	1	866	71
12471	Вълково	1	867	198
12485	Вълковци	1	868	238
12499	Вълкосел	1	869	200
12509	Вълнари	1	870	153
12530	Вълча поляна	1	871	87
12512	Вълчан	1	872	213
12526	Вълчан дол	1	873	12
13055	Вълчанка	1	874	108
72059	Вълчаново	1	875	218
12560	Вълче поле	1	876	135
12543	Вълчедръм	2	877	51
12557	Вълчек	1	878	139
12574	Вълчи дол	2	879	52
12588	Вълчи извор	1	880	27
12591	Вълчин	1	881	227
12601	Вълчитрън	1	882	177
12629	Вълчовци	1	883	85
12615	Вълчовци	1	884	85
12632	Върба	1	885	18
12655	Върба	1	886	137
12663	Върбак	1	887	248
120	Върбен	1	888	108
12680	Върбен	1	889	36
12694	Върбенци	1	890	125
12704	Върбешница	1	891	143
12718	Върбина	1	892	137
12721	Върбино	1	893	82
21244	Дичин	1	1423	44
12735	Върбица	1	894	61
12749	Върбица	1	895	50
12752	Върбица	1	896	172
12766	Върбица	2	897	53
76087	Върбица	1	898	72
12770	Върбница	1	899	59
12783	Върбовка	1	900	164
12797	Върбово	1	901	259
12807	Върбово	1	902	213
12810	Върбово	1	903	245
12824	Върбовчец	1	904	73
12838	Върбяне	1	905	107
12841	Въргов дол	1	906	137
12855	Вързилковци	1	907	85
12869	Вързулица	1	908	174
12886	Върли дол	1	909	108
12896	Върли дол	1	910	151
12913	Върлинка	1	911	44
12927	Върлино	1	912	151
12958	Въртоп	1	913	49
86030	Върхари	1	914	147
12961	Вършец	2	915	54
12975	Вършило	1	916	215
14012	Габаре	1	917	41
14026	Габарево	1	918	163
14034	Габер	1	919	80
14043	Габер	1	920	121
14057	Габерово	1	921	175
14060	Габерово	1	922	138
14074	Габра	1	923	86
14088	Габрака	1	924	85
14091	Габрене	1	925	169
14101	Габрешевци	1	926	235
14115	Габрина	1	927	137
14129	Габрица	1	928	213
14132	Габрица	1	929	46
14146	Габровдол	1	930	90
14163	Габровица	1	931	17
14180	Габровница	1	932	148
14194	Габровница	1	933	203
14204	Габрово	1	934	21
14218	Габрово	2	935	55
14221	Габрово	1	936	256
14235	Габровци	1	937	44
14249	Габър	1	938	215
14252	Габърница	1	939	48
14275	Гавраилово	1	940	210
14283	Гаврил Геново	1	941	57
14297	Гаганица	1	942	20
14307	Гагово	1	943	176
14310	Гайдари	1	944	238
14324	Гайкини	1	945	55
14338	Гайтанево	1	946	60
14341	Гайтаниново	1	947	243
14355	Гайтаните	1	948	55
14369	Гайтанци	1	949	49
14386	Галата	1	950	233
14390	Галатин	1	951	118
14406	Галиче	1	952	41
14413	Галище	1	953	137
14427	Галово	1	954	162
14430	Ганев дол	1	955	85
14458	Ганчовец	1	956	81
14533	Гарван	1	957	55
14547	Гарван	1	958	209
14550	Гарваново	1	959	246
14578	Гащевци	1	960	44
14581	Гега	1	961	169
14605	Гела	1	962	213
14619	Гелеменово	1	963	165
14647	Генерал Гешево	1	964	71
32740	Генерал Инзово	1	965	239
14653	Генерал Кантарджиево	1	966	4
14667	Генерал Киселово	1	967	52
14670	Генерал Колево	1	968	52
14684	Генерал Колево	1	969	74
14698	Генерал Мариново	1	970	49
58390	Генерал Тодоров	1	971	169
14711	Генерал Тошево	2	972	56
14725	Генерал Тошево	1	973	239
14708	Генералово	1	974	201
14742	Геновци	1	975	55
14756	Генчовци	1	976	55
56304	Генчовци	1	977	238
14762	Геня	1	978	81
14773	Георги Дамяново	1	979	57
14787	Георги Добрево	1	980	135
14800	Гергевец	1	981	210
14814	Гергини	1	982	55
14831	Герман	1	983	217
18589	Гецово	1	984	184
14859	Геша	1	985	81
14862	Гешаново	1	986	74
14876	Гиген	1	987	64
14893	Гигинци	1	988	35
14903	Гинци	1	989	59
14917	Гирчевци	1	990	126
14920	Гита	1	991	258
14934	Глава	1	992	255
14948	Главан	1	993	206
14951	Главан	1	994	66
14965	Главановци	1	995	57
14979	Главановци	1	996	237
14982	Главанци	1	997	232
14996	Главатар	1	998	102
15000	Главатарци	1	999	125
15014	Главаци	1	1000	118
15028	Главиница	1	1001	165
15031	Главиница	2	1002	58
18544	Главник	1	1003	9
15045	Глашатай	1	1004	7
15059	Гледаци	1	1005	55
15062	Гледачево	1	1006	182
15093	Гледка	1	1007	220
15103	Глогинка	1	1008	176
15117	Глогино	1	1009	12
15120	Глоговец	1	1010	85
15134	Глоговица	1	1011	237
15148	Глогово	1	1012	233
15151	Глоджево	2	1013	47
15165	Гложене	1	1014	233
18505	Гложене	1	1015	111
15179	Глумово	1	1016	94
15182	Глумче	1	1017	106
15196	Глутниците	1	1018	238
15206	Глуфишево	1	1019	210
15216	Глухар	1	1020	125
15223	Глушка	1	1021	81
15237	Глушник	1	1022	210
15240	Гнездаре	1	1023	94
15268	Гняздово	1	1024	125
15271	Говедаре	1	1025	165
15285	Говедарци	1	1026	196
15299	Говежда	1	1027	57
15309	Годеч	2	1028	59
15312	Годешево	1	1029	200
15326	Годлево	1	1030	185
15331	Гоз	1	1031	35
15343	Гоздевица	1	1032	213
15357	Гоздейка	1	1033	81
15374	Голак	1	1034	113
15549	Голем Цалим	1	1035	198
15432	Голема Раковица	1	1036	86
15446	Голема Фуча	1	1037	22
15391	Големани	1	1038	85
15401	Големаните	1	1039	44
15415	Големаново	1	1040	124
15429	Големанци	1	1041	246
15463	Големи Българени	1	1042	81
15480	Големи Станчовци	1	1043	238
15494	Големо Бабино	1	1044	118
15504	Големо Бучино	1	1045	167
15518	Големо Малово	1	1046	80
15535	Големо село	1	1047	22
15552	Голец	1	1048	242
15566	Голеш	1	1049	101
15572	Голеш	1	1050	59
15583	Голешово	1	1051	198
15597	Голица	1	1052	78
15607	Голобрад	1	1053	9
15610	Голобрадово	1	1054	220
15457	Голям Върбовник	1	1055	22
15727	Голям Девесил	1	1056	120
15730	Голям Дервент	1	1057	87
15744	Голям дол	1	1058	32
15758	Голям извор	1	1059	233
15761	Голям извор	1	1060	197
15775	Голям извор	1	1061	220
15789	Голям манастир	1	1062	239
15953	Голям Поровец	1	1063	97
15970	Голям чардак	1	1064	229
15641	Голяма бара	1	1065	125
15655	Голяма Брестница	1	1066	262
15669	Голяма вода	1	1067	197
15698	Голяма долина	1	1068	138
15703	Голяма Желязна	1	1069	236
15713	Голяма Чинка	1	1070	120
15792	Голямо Асеново	1	1071	72
15802	Голямо Белово	1	1072	17
15816	Голямо Буково	1	1073	218
15829	Голямо Враново	1	1074	212
15833	Голямо градище	1	1075	160
15850	Голямо Доляне	1	1076	7
15864	Голямо Дряново	1	1077	100
15878	Голямо Каменяне	1	1078	120
15881	Голямо Крушево	1	1079	27
15895	Голямо ново	1	1080	241
15521	Голямо Пещене	1	1081	50
15919	Голямо Соколово	1	1082	241
15922	Голямо църквище	1	1083	159
15936	Голямо Чочовени	1	1084	210
15984	Голяновци	1	1085	114
15998	Гомотарци	1	1086	49
16002	Горан	1	1087	130
16016	Горановци	1	1088	44
16026	Горановци	1	1089	126
16033	Гореме	1	1090	225
16047	Горен Еневец	1	1091	44
16050	Горен чифлик	1	1092	78
16064	Горица	1	1093	175
16078	Горица	1	1094	40
16081	Горица	1	1095	176
18575	Горица	1	1096	56
16095	Горичане	1	1097	260
16105	Горичево	1	1098	122
2782	Горна Арда	1	1099	213
16119	Горна Бела речка	1	1100	54
16122	Горна Бешовица	1	1101	143
18513	Горна Биркова	1	1102	45
16136	Горна Брезница	1	1103	117
16141	Горна Брестница	1	1104	126
18561	Горна Василица	1	1105	113
16153	Горна Вереница	1	1106	148
16167	Горна Врабча	1	1107	90
16170	Горна Глоговица	1	1108	90
16198	Горна Гращица	1	1109	126
16208	Горна Диканя	1	1110	183
18527	Горна Дъбева	1	1111	45
16211	Горна Златица	1	1112	7
16225	Горна Кабда	1	1113	241
16239	Горна Ковачица	1	1114	257
16242	Горна Козница	1	1115	22
16256	Горна Кремена	1	1116	143
16267	Горна крепост	1	1117	125
16273	Горна Крушица	1	1118	225
16287	Горна кула	1	1119	120
16290	Горна Липница	1	1120	164
16300	Горна Лука	1	1121	257
16314	Горна Малина	1	1122	60
16328	Горна махала	1	1123	102
16331	Горна Мелна	1	1124	237
16345	Горна Митрополия	1	1125	76
16359	Горна Оряховица	2	1126	61
16362	Горна Рибница	1	1127	225
16376	Горна Росица	1	1128	204
16382	Горна Секирна	1	1129	35
16393	Горна Студена	1	1130	202
16403	Горна Сушица	1	1131	198
16417	Горна Хаджийска	1	1132	91
16420	Горна Хубавка	1	1133	159
16448	Горни Богров	1	1134	217
16451	Горни Вадин	1	1135	162
16479	Горни Върпища	1	1136	81
16496	Горни Главанак	1	1137	138
16506	Горни Дамяновци	1	1138	238
16513	Горни Домлян	1	1139	105
16523	Горни Драгойча	1	1140	81
16537	Горни Дъбник	1	1141	77
16554	Горни Коритен	1	1142	235
16568	Горни край	1	1143	85
16571	Горни Лом	1	1144	259
16585	Горни Маренци	1	1145	238
16599	Горни Окол	1	1146	196
16609	Горни Радковци	1	1147	238
16612	Горни Романци	1	1148	35
16626	Горни Танчевци	1	1149	85
16639	Горни Цибър	1	1150	51
16643	Горни Цоневци	1	1151	238
16660	Горни Юруци	1	1152	120
16540	Горник	1	1153	255
16674	Горно Абланово	1	1154	30
16688	Горно Александрово	1	1155	210
16691	Горно Белево	1	1156	32
16701	Горно Ботево	1	1157	221
16729	Горно Войводино	1	1158	246
16732	Горно вършило	1	1159	205
16754	Горно Драглище	1	1160	185
16763	Горно Дряново	1	1161	67
16780	Горно Изворово	1	1162	100
16794	Горно Камарци	1	1163	60
18558	Горно Кирково	1	1164	108
16804	Горно Кобиле	1	1165	235
16818	Горно Козарево	1	1166	159
77596	Горно Краище	1	1167	16
16821	Горно Къпиново	1	1168	108
16835	Горно Луково	1	1169	94
16849	Горно Новково	1	1170	159
16852	Горно ново село	1	1171	32
16866	Горно Озирово	1	1172	54
16870	Горно Осеново	1	1173	208
16883	Горно Павликене	1	1174	130
16897	Горно Пещене	1	1175	50
16907	Горно поле	1	1176	138
16910	Горно Прахово	1	1177	9
16924	Горно Сахране	1	1178	163
16938	Горно село	1	1179	80
16969	Горно Спанчево	1	1180	198
16986	Горно трапе	1	1181	236
16995	Горно Уйно	1	1182	126
17004	Горно Хърсово	1	1183	21
17018	Горно Церовене	1	1184	148
49076	Горно Черковище	1	1185	100
17035	Горно Ябълково	1	1186	218
16715	Горнова могила	1	1187	55
16941	Горноселци	1	1188	94
16955	Горнослав	1	1189	10
17049	Горово	1	1190	227
17052	Горово	1	1191	213
17066	Гороцвет	1	1192	131
17077	Горочевци	1	1193	237
17083	Горска	1	1194	85
17097	Горска поляна	1	1195	27
17107	Горски горен Тръмбеш	1	1196	61
17124	Горски долен Тръмбеш	1	1197	61
17138	Горски извор	1	1198	108
17141	Горски извор	1	1199	72
17155	Горски Сеновец	1	1200	222
17169	Горско	1	1201	94
17172	Горско Абланово	1	1202	160
17186	Горско Дюлево	1	1203	147
17192	Горско Калугерово	1	1204	228
17208	Горско Косово	1	1205	228
17213	Горско ново село	1	1206	91
17227	Горско Писарево	1	1207	91
17230	Горско село	1	1208	159
17244	Горско Сливово	1	1209	129
17258	Горталово	1	1210	172
17275	Горун	1	1211	260
17289	Горунака	1	1212	88
17302	Горчево	1	1213	169
17316	Горяни	1	1214	238
17323	Господиново	1	1215	40
17333	Господиново	1	1216	101
17347	Господинци	1	1217	62
17350	Гостилица	1	1218	81
17364	Гостиля	1	1219	76
17378	Гостиня	1	1220	130
17381	Гостун	1	1221	13
17395	Гоце Делчев	2	1222	62
17405	Градево	1	1223	208
17419	Градежница	1	1224	233
17422	Градец	1	1225	49
17436	Градец	1	1226	115
17449	Градец	1	1227	114
17453	Градешница	1	1228	118
17470	Градина	1	1229	77
17484	Градина	1	1230	181
17498	Градина	1	1231	131
17508	Градинарово	1	1232	180
17511	Градини	1	1233	56
17542	Градище	1	1234	204
17556	Градище	1	1235	127
17573	Градище	1	1236	261
17587	Градница	1	1237	204
17590	Градница	1	1238	232
17600	Градско	1	1239	210
17614	Градсковски колиби	1	1240	25
17631	Градът	1	1241	213
17645	Грамада	2	1242	63
17659	Грамаде	1	1243	83
17676	Грамаде	1	1244	191
17680	Грамаждано	1	1245	126
17693	Граматиково	1	1246	140
17703	Граматици	1	1247	85
17717	Гранит	1	1248	32
17720	Гранитец	1	1249	218
17734	Гранитово	1	1250	18
17748	Гранитово	1	1251	87
17751	Граница	1	1252	126
17765	Граничак	1	1253	18
17779	Граничар	1	1254	218
17782	Граничар	1	1255	260
17806	Граф Игнатиево	1	1256	141
17823	Грашево	1	1257	45
17837	Гращица	1	1258	213
17840	Греевци	1	1259	7
17854	Гривица	1	1260	172
17868	Гривка	1	1261	120
17871	Гривяк	1	1262	108
17885	Григорево	1	1263	86
17909	Грозден	1	1264	227
17912	Гроздьово	1	1265	78
17943	Громшин	1	1266	26
17957	Грохотно	1	1267	69
17988	Груево	1	1268	147
17991	Гръблевци	1	1269	55
18006	Грълска падина	1	1270	80
18018	Грънчарово	1	1271	82
18037	Губеш	1	1272	59
18040	Губислав	1	1273	203
18054	Гугутка	1	1274	94
18068	Гудевица	1	1275	213
18071	Гулийка	1	1276	120
18085	Гулия	1	1277	120
18099	Гулянци	2	1278	64
18109	Гумощник	1	1279	236
18112	Гурбановци	1	1280	126
18126	Гургулица	1	1281	147
18133	Гургулят	1	1282	211
18143	Гурково	1	1283	31
18157	Гурково	2	1284	65
18160	Гурково	1	1285	11
18174	Гурмазово	1	1286	24
18188	Гусла	1	1287	104
18191	Гуслар	1	1288	232
18201	Гуцал	1	1289	196
18215	Гъбене	1	1290	55
18229	Гълъбец	1	1291	175
18232	Гълъбец	1	1292	246
18259	Гълъбинци	1	1293	239
18263	Гълъбник	1	1294	183
850	Гълъбово	1	1295	12
15638	Гълъбово	1	1296	16
18277	Гълъбово	1	1297	123
18280	Гълъбово	2	1298	66
18294	Гълъбовци	1	1299	211
18304	Гъмзово	1	1300	34
18318	Гърбино	1	1301	126
18321	Гърбище	1	1302	9
18335	Гърдевци	1	1303	85
18349	Гърло	1	1304	35
18352	Гърляно	1	1305	126
18366	Гърмен	1	1306	67
18374	Гърнати	1	1307	151
18397	Гърня	1	1308	81
18407	Гърчиново	1	1309	160
18410	Гъсково	1	1310	125
18424	Гьоврен	1	1311	69
18455	Гюешево	1	1312	126
18469	Гюльовца	1	1313	152
18486	Гюргич	1	1314	193
20027	Давери	1	1315	85
20033	Давидково	1	1316	12
20047	Давидово	1	1317	101
20050	Давидово	1	1318	241
20064	Дагоново	1	1319	16
20078	Даевци	1	1320	238
20081	Дайновци	1	1321	85
20105	Дамяница	1	1322	198
20119	Дамяново	1	1323	204
20153	Даскал-Атанасово	1	1324	182
20167	Даскалово	1	1325	256
20184	Две могили	2	1326	68
20198	Две тополи	1	1327	12
20208	Дворище	1	1328	126
20211	Дворище	1	1329	65
20225	Дебел дял	1	1330	55
20242	Дебелец	2	1331	44
20599	Дебелец	1	1332	84
20256	Дебели лаг	1	1333	183
20268	Дебели рът	1	1334	85
20273	Дебелт	1	1335	218
20287	Дебелцово	1	1336	204
20290	Дебеляново	1	1337	12
20300	Дебнево	1	1338	236
20314	Дебово	1	1339	155
20328	Дебочица	1	1340	21
20331	Дебрен	1	1341	67
20345	Дебрене	1	1342	198
20359	Дебрене	1	1343	74
20362	Дебръщица	1	1344	165
20376	Девене	1	1345	50
20383	Девенци	1	1346	255
20393	Девесилица	1	1347	120
20403	Девесилово	1	1348	120
20417	Деветак	1	1349	106
20420	Деветаки	1	1350	130
20434	Деветаците	1	1351	44
20448	Деветинци	1	1352	106
20465	Девин	2	1353	69
20479	Девино	1	1354	7
24966	Девинци	1	1355	147
20482	Девня	2	1356	70
20496	Дедец	1	1357	108
20506	Дедина	1	1358	91
24880	Дедино	1	1359	9
20514	Дединци	1	1360	91
20523	Дедово	1	1361	189
20537	Деков	1	1362	15
20540	Делвино	1	1363	21
20554	Делвино	1	1364	108
20568	Делейна	1	1365	34
20571	Делова махала	1	1366	91
20585	Делчево	1	1367	62
20609	Делчево	1	1368	97
20612	Делян	1	1369	83
20626	Делян	1	1370	24
20630	Деляновци	1	1371	202
20643	Денница	1	1372	46
20657	Денница	1	1373	27
20660	Денчевци	1	1374	81
20674	Дервишка могила	1	1375	201
20688	Дерманци	1	1376	133
2765	Детелина	1	1377	106
20701	Детелина	1	1378	78
20715	Дечковци	1	1379	44
20729	Джамузовци	1	1380	98
20732	Джанка	1	1381	120
20746	Джебел	2	1382	71
20755	Джелепско	1	1383	147
20763	Джерман	1	1384	83
20777	Джерово	1	1385	108
20780	Джигурово	1	1386	198
20804	Джинот	1	1387	223
20818	Джинчовци	1	1388	237
20835	Джулюница	1	1389	136
20849	Джулюница	1	1390	251
20852	Джумриите	1	1391	55
20883	Джурково	1	1392	134
20897	Джурово	1	1393	178
20907	Джуровци	1	1394	81
20938	Дибич	1	1395	261
20941	Дива Слатина	1	1396	57
20969	Дивеци	1	1397	55
20972	Дивля	1	1398	90
20986	Дивотино	1	1399	167
20996	Дивчовото	1	1400	233
21004	Диманово	1	1401	151
21035	Димиевци	1	1402	238
21049	Димитриево	1	1403	258
21052	Димитровград	2	1404	72
21066	Димитровци	1	1405	44
21078	Димитровче	1	1406	201
21097	Димово	2	1407	73
21107	Димово	1	1408	213
21110	Димовци	1	1409	44
21124	Димовци	1	1410	65
21138	Димча	1	1411	164
21141	Димчево	1	1412	38
21155	Динево	1	1413	246
21169	Динк	1	1414	141
21172	Динката	1	1415	128
21186	Динковица	1	1416	49
21193	Динково	1	1417	193
21209	Диня	1	1418	182
21213	Дирало	1	1419	137
24935	Дисевица	1	1420	172
21227	Дисманица	1	1421	204
21230	Дичево	1	1422	58
21258	Длъгнево	1	1424	72
21261	Длъгня	1	1425	81
21275	Длъжка поляна	1	1426	7
21289	Длъжко	1	1427	248
21292	Длъхчево-Сабляр	1	1428	150
21302	Доборско	1	1429	120
21333	Добра поляна	1	1430	192
21316	Добравица	1	1431	203
21324	Добралък	1	1432	123
21347	Добрева череша	1	1433	191
21350	Добрево	1	1434	74
21364	Добревци	1	1435	85
21378	Добревци	1	1436	238
21381	Добревци	1	1437	262
21395	Добрените	1	1438	81
21405	Добри Войниково	1	1439	248
21419	Добри дол	1	1440	1
21422	Добри дол	1	1441	235
21436	Добри дол	1	1442	132
21440	Добри дол	1	1443	181
21453	Добри дял	1	1444	136
21467	Добри лаки	1	1445	225
21470	Добрин	1	1446	121
21484	Добрина	1	1447	180
21498	Добринище	2	1448	13
21508	Добриново	1	1449	106
21511	Добриново	1	1450	125
21525	Добринци	1	1451	71
21539	Добрич	1	1452	72
21542	Добрич	1	1453	87
72624	Добрич	2	1454	75
21556	Добровница	1	1455	165
21565	Доброво	1	1456	23
21587	Доброглед	1	1457	4
21590	Добродан	1	1458	236
21600	Добролево	1	1459	29
21614	Добромир	1	1460	192
21628	Добромирка	1	1461	204
21631	Добромирци	1	1462	108
21645	Доброплодно	1	1463	48
21659	Доброселец	1	1464	234
21662	Доброславци	1	1465	217
21676	Добростан	1	1466	10
21680	Добротино	1	1467	62
21693	Добротица	1	1468	209
21703	Добротица	1	1469	7
21717	Добротич	1	1470	52
21720	Добруджанка	1	1471	101
21734	Добруша	1	1472	118
21748	Добърско	1	1473	185
21751	Добърчин	1	1474	203
21779	Доганово	1	1475	86
21782	Дождевица	1	1476	126
21796	Дойновци	1	1477	44
21806	Дойранци	1	1478	9
21811	Дойранци	1	1479	104
21823	Дойренци	1	1480	130
21837	Докатичево	1	1481	208
21840	Доктор Йосифово	1	1482	148
21854	Докьовци	1	1483	237
21868	Долен	1	1484	200
21871	Долен	1	1485	93
21899	Долен Еневец	1	1486	44
21885	Долене	1	1487	169
21909	Долени	1	1488	198
21926	Долец	1	1489	82
21937	Долец	1	1490	176
21943	Долие	1	1491	137
21957	Долина	1	1492	74
21960	Долина	1	1493	104
21974	Долистово	1	1494	22
21988	Долище	1	1495	4
21991	Долище	1	1496	125
22006	Долна баня	2	1497	2
22019	Долна Бела речка	1	1498	54
22023	Долна Бешовица	1	1499	190
24894	Долна Василица	1	1500	113
22040	Долна Вереница	1	1501	148
22054	Долна Врабча	1	1502	90
22068	Долна Градешница	1	1503	117
22071	Долна Гращица	1	1504	126
22085	Долна Диканя	1	1505	183
24325	Долна Дъбева	1	1506	45
22099	Долна Златица	1	1507	7
22109	Долна Кабда	1	1508	176
22112	Долна Козница	1	1509	150
22126	Долна Кремена	1	1510	143
22134	Долна крепост	1	1511	125
22143	Долна Крушица	1	1512	169
22157	Долна кула	1	1513	120
22160	Долна Липница	1	1514	164
22174	Долна Малина	1	1515	60
22191	Долна махала	1	1516	102
22201	Долна Мелна	1	1517	237
22215	Долна Митрополия	2	1518	76
22229	Долна Невля	1	1519	80
22232	Долна Оряховица	2	1520	61
22246	Долна Рибница	1	1521	169
22250	Долна Рикса	1	1522	148
22263	Долна Секирна	1	1523	35
22277	Долна Студена	1	1524	251
22280	Долна Хубавка	1	1525	159
22304	Долни Богров	1	1526	217
22318	Долни Бошняк	1	1527	49
22321	Долни Вадин	1	1528	162
22335	Долни Вит	1	1529	64
22352	Долни Върпища	1	1530	81
22375	Долни Главанак	1	1531	138
22383	Долни Дамяновци	1	1532	44
22397	Долни Драгойча	1	1533	81
22407	Долни Дъбник	2	1534	77
22410	Долни Коритен	1	1535	235
22424	Долни Лом	1	1536	259
22438	Долни Луковит	1	1537	96
22441	Долни Маренци	1	1538	238
22455	Долни Марян	1	1539	85
22469	Долни Окол	1	1540	196
22472	Долни Пасарел	1	1541	217
22486	Долни Радковци	1	1542	238
22490	Долни Раковец	1	1543	183
22506	Долни Романци	1	1544	35
22513	Долни Танчевци	1	1545	85
22527	Долни Томчевци	1	1546	238
22530	Долни Цибър	1	1547	51
21912	Долни чифлик	2	1548	78
22544	Долни Юруци	1	1549	120
22558	Долно Абланово	1	1550	194
22561	Долно Белево	1	1551	72
3736	Долно Белотинци	1	1552	148
22575	Долно Ботево	1	1553	220
22589	Долно Войводино	1	1554	246
22592	Долно вършило	1	1555	205
24949	Долно Големанци	1	1556	246
22602	Долно Драглище	1	1557	185
22616	Долно Дряново	1	1558	67
22633	Долно Изворово	1	1559	100
22647	Долно Камарци	1	1560	60
22650	Долно Кобиле	1	1561	235
22664	Долно Козарево	1	1562	159
22678	Долно Къпиново	1	1563	108
22695	Долно Линево	1	1564	132
22705	Долно Луково	1	1565	94
22719	Долно Новково	1	1566	159
22722	Долно ново село	1	1567	80
22736	Долно ново село	1	1568	32
22747	Долно Озирово	1	1569	54
22753	Долно Осеново	1	1570	208
22770	Долно поле	1	1571	220
22784	Долно Прахово	1	1572	9
22798	Долно Ряхово	1	1573	58
22808	Долно Сахране	1	1574	163
22811	Долно село	1	1575	126
22842	Долно Спанчево	1	1576	169
22856	Долно Съдиево	1	1577	138
22862	Долно Уйно	1	1578	126
22873	Долно Церовене	1	1579	263
22887	Долно Черковище	1	1580	220
22890	Долно Шивачево	1	1581	91
22914	Долно Ябълково	1	1582	218
22825	Долноселци	1	1583	94
22839	Долнослав	1	1584	10
22928	Домище	1	1585	108
22931	Домлян	1	1586	105
22945	Дондуково	1	1587	37
22959	Донино	1	1588	55
22962	Донкино	1	1589	238
22976	Донковци	1	1590	85
22988	Дончево	1	1591	74
22993	Дончовци	1	1592	238
23008	Дорково	1	1593	186
23011	Доситеево	1	1594	245
23025	Доспат	2	1595	79
23039	Доспей	1	1596	196
23042	Доча	1	1597	81
23056	Драбишна	1	1598	94
23060	Драгана	1	1599	242
23073	Драганица	1	1600	54
23087	Драгановец	1	1601	241
23090	Драганово	1	1602	38
23100	Драганово	1	1603	61
23114	Драганово	1	1604	256
23128	Драганово	1	1605	74
23131	Драгановци	1	1606	85
23159	Драгановци	1	1607	55
23162	Драганосковци	1	1608	85
23176	Драганци	1	1609	106
23185	Драганчетата	1	1610	55
23193	Драгаш войвода	1	1611	155
23203	Драгиевци	1	1612	55
23217	Драгижево	1	1613	136
23220	Драгийци	1	1614	85
23234	Драгиново	1	1615	45
23251	Драгичево	1	1616	167
23265	Драгневци	1	1617	85
23279	Драгневци	1	1618	238
23282	Драговищица	1	1619	126
23296	Драговищица	1	1620	114
23306	Драгово	1	1621	106
23323	Драгодан	1	1622	116
23337	Драгоданово	1	1623	210
23340	Драгоево	1	1624	43
23354	Драгоил	1	1625	80
23385	Драгойново	1	1626	181
23399	Драгойчинци	1	1627	235
23409	Драгоман	2	1628	80
23412	Драгомани	1	1629	55
23426	Драгомир	1	1630	229
23431	Драгомирово	1	1631	202
23443	Драгомирово	1	1632	183
24921	Драгомъж	1	1633	97
23457	Драгор	1	1634	165
23474	Драготинци	1	1635	211
23488	Драгуш	1	1636	169
23491	Драгушиново	1	1637	196
23501	Дражево	1	1638	239
23515	Дражинци	1	1639	193
23529	Драка	1	1640	218
23532	Драката	1	1641	225
23546	Дралфа	1	1642	241
23557	Драма	1	1643	239
23563	Дрангово	1	1644	169
23577	Дрангово	1	1645	108
23580	Дрангово	1	1646	36
23594	Драндарите	1	1647	238
23604	Драчево	1	1648	218
23618	Драшан	1	1649	41
23621	Драшкова поляна	1	1650	8
23635	Дреатин	1	1651	80
23649	Дрен	1	1652	183
23652	Дренково	1	1653	21
23666	Дренов	1	1654	130
23672	Дреновец	1	1655	193
23683	Дреновица	1	1656	169
23697	Дреново	1	1657	169
23707	Дреново	1	1658	114
23710	Дрента	1	1659	85
23724	Дренци	1	1660	46
23738	Дриново	1	1661	176
23741	Дрипчево	1	1662	245
23755	Дропла	1	1663	192
23769	Дропла	1	1664	11
24832	Друган	1	1665	183
23786	Дружба	1	1666	49
23798	Дружево	1	1667	203
23803	Дружинци	1	1668	108
23813	Друмево	1	1669	261
23827	Друмохар	1	1670	150
23830	Друмче	1	1671	147
23844	Дръмша	1	1672	114
23858	Дръндар	1	1673	226
23875	Дрянка	1	1674	12
23889	Дрянковец	1	1675	3
23892	Дрянова глава	1	1676	108
23902	Дряновец	1	1677	184
23916	Дряновец	1	1678	39
23929	Дряновец	1	1679	254
23933	Дряновец	1	1680	74
23947	Дряново	2	1681	81
23950	Дряново	1	1682	134
23964	Дряново	1	1683	207
23978	Дряново	1	1684	239
24000	Дуванлии	1	1685	102
24027	Дуковци	1	1686	85
24030	Дулово	2	1687	82
24854	Думници	1	1688	55
24044	Дунавец	1	1689	240
24058	Дунавци	1	1690	44
24061	Дунавци	2	1691	49
24075	Дунавци	1	1692	100
24089	Дунево	1	1693	213
24952	Дуня	1	1694	151
68789	Дупница	2	1695	83
24102	Дуранкулак	1	1696	260
24126	Дуровци	1	1697	91
24133	Дурча	1	1698	81
24150	Духовец	1	1699	97
24164	Душанци	1	1700	171
24178	Душево	1	1701	204
24181	Душевски колиби	1	1702	204
24195	Душинково	1	1703	71
24205	Душинци	1	1704	35
24219	Душка	1	1705	256
24236	Дъбен	1	1706	133
24241	Дъбене	1	1707	105
24253	Дъбник	1	1708	175
24267	Дъбница	1	1709	67
24270	Дъбова	1	1710	115
24284	Дъбова	1	1711	191
24298	Дъбова махала	1	1712	37
24308	Дъбован	1	1713	64
24311	Дъбовец	1	1714	135
24339	Дъбовик	1	1715	56
83137	Дъбовица	1	1716	227
24342	Дъбово	1	1717	149
24356	Дъбово	1	1718	27
24367	Дъбрава	1	1719	21
24373	Дъбрава	1	1720	130
24387	Дъбрава	1	1721	11
24390	Дъбравата	1	1722	262
24400	Дъбравино	1	1723	1
24414	Дъбравите	1	1724	17
24428	Дъбравица	1	1725	7
24431	Дъбравка	1	1726	18
24445	Дъждино	1	1727	125
24459	Дъждовник	1	1728	120
24462	Дъждовница	1	1729	125
24476	Дълбок дол	1	1730	236
24493	Дълбок извор	1	1731	181
24482	Дълбоки	1	1732	221
24517	Дълга лука	1	1733	237
24520	Дългач	1	1734	241
24534	Дълги дел	1	1735	57
24548	Дълги припек	1	1736	91
24579	Дълго поле	1	1737	73
24582	Дълго поле	1	1738	102
24551	Дългоделци	1	1739	263
24565	Дългопол	2	1740	84
24596	Дънгово	1	1741	125
24606	Дървари	1	1742	238
24623	Държава	1	1743	258
24637	Държавен	1	1744	149
24640	Държаница	1	1745	73
24654	Дърлевци	1	1746	85
24668	Дърманци	1	1747	143
24671	Дъскарите	1	1748	238
24685	Дъскот	1	1749	164
24699	Дъскотна	1	1750	192
24712	Дюлево	1	1751	218
24726	Дюлево	1	1752	224
24739	Дюлино	1	1753	40
24743	Дюлица	1	1754	108
24757	Дюля	1	1755	192
24760	Дядово	1	1756	156
24774	Дядовско	1	1757	256
24788	Дядовци	1	1758	9
24791	Дяково	1	1759	83
24829	Дянково	1	1760	184
27019	Евлогиево	1	1761	155
27022	Евренозово	1	1762	140
27036	Егрек	1	1763	120
27043	Егълница	1	1764	110
27067	Единаковци	1	1765	248
27070	Едрево	1	1766	154
27680	Едрино	1	1767	120
27084	Ездимирци	1	1768	237
27108	Езерец	1	1769	260
27111	Езеро	1	1770	156
27125	Езерово	1	1771	19
27139	Езерово	1	1772	181
27677	Езерото	1	1773	55
27156	Езерче	1	1774	249
27169	Екзарх Антимово	1	1775	106
27173	Екзарх Йосиф	1	1776	30
27190	Елена	2	1777	85
27200	Елена	1	1778	246
27214	Еленино	1	1779	221
41157	Еленка	1	1780	151
27228	Еленов дол	1	1781	203
27231	Еленово	1	1782	21
27245	Еленово	1	1783	156
27259	Еленово	1	1784	176
27262	Еленска	1	1785	213
27276	Еленците	1	1786	81
27293	Елешница	1	1787	185
34120	Елешница	1	1788	86
18490	Елин Пелин	1	1789	86
27303	Елин Пелин	2	1790	86
27317	Елисейна	1	1791	143
27334	Елов дол	1	1792	31
27320	Еловдол	1	1793	90
27348	Еловица	1	1794	57
27351	Еловица	1	1795	237
27365	Елховец	1	1796	191
27379	Елхово	1	1797	221
27382	Елхово	2	1798	87
48163	Елхово	1	1799	154
27406	Елшица	1	1800	166
27415	Ельово	1	1801	213
27423	Емен	1	1802	44
27454	Емона	1	1803	152
27485	Енев рът	1	1804	204
27468	Енево	1	1805	74
27471	Енево	1	1806	157
27499	Енина	1	1807	100
27509	Еница	1	1808	109
27512	Енчец	1	1809	125
27526	Енчовци	1	1810	238
27543	Еньовче	1	1811	9
27557	Ерден	1	1812	26
27574	Еремия	1	1813	150
27588	Ерма река	1	1814	93
27591	Еровете	1	1815	108
27601	Ерул	1	1816	237
27615	Есен	1	1817	227
27629	Есеница	1	1818	52
27632	Етрополе	2	1819	88
27656	Ефрейтор Бакалово	1	1820	121
27663	Ефрем	1	1821	138
29012	Жабляно	1	1822	90
29026	Жабокрът	1	1823	126
29035	Жегларци	1	1824	232
29043	Жеглица	1	1825	49
29060	Жедна	1	1826	183
29074	Железари	1	1827	94
29091	Железарци	1	1828	222
29101	Железино	1	1829	94
29115	Железна	1	1830	257
29129	Железник	1	1831	106
29132	Железник	1	1832	256
29146	Железница	1	1833	208
29150	Железница	1	1834	217
29163	Желен	1	1835	203
29177	Желъд	1	1836	214
29180	Желъдово	1	1837	71
29194	Желю войвода	1	1838	210
29204	Желява	1	1839	217
29218	Желязковец	1	1840	197
29235	Желязно	1	1841	141
29249	Желязово	1	1842	103
29252	Женда	1	1843	256
29266	Жеравино	1	1844	126
29283	Жеравна	1	1845	115
29297	Жерговец	1	1846	65
29310	Жернов	1	1847	155
29324	Живко	1	1848	55
29338	Живково	1	1849	98
29341	Живково	1	1850	248
29372	Жижево	1	1851	200
29386	Жиленци	1	1852	126
29391	Жилино	1	1853	157
29407	Жинзифово	1	1854	125
29413	Житарник	1	1855	125
29430	Житен	1	1856	217
29444	Житен	1	1857	56
29458	Житница	1	1858	180
29461	Житница	1	1859	256
29475	Житница	1	1860	102
29489	Житница	1	1861	74
29492	Житосвят	1	1862	106
29622	Житуша	1	1863	183
29502	Жребево	1	1864	69
29516	Жребино	1	1865	87
29522	Жребичко	1	1866	33
29533	Жълт бряг	1	1867	231
29581	Жълт камък	1	1868	10
29547	Жълтеш	1	1869	55
29550	Жълти бряг	1	1870	220
29564	Жълти рид	1	1871	71
29619	Жълтика	1	1872	71
29595	Жълтопоп	1	1873	65
29605	Жълтуша	1	1874	9
30017	Забел	1	1875	237
30020	Заберново	1	1876	140
30034	Забърдо	1	1877	254
30048	Завала	1	1878	35
30051	Завет	1	1879	227
30065	Завет	2	1880	89
30079	Заветно	1	1881	176
30082	Завидовци	1	1882	203
30096	Завой	1	1883	239
30106	Завоя	1	1884	108
30119	Загоре	1	1885	221
30137	Загориче	1	1886	104
30140	Загорски	1	1887	108
30154	Загорско	1	1888	147
30168	Загорци	1	1889	218
30171	Загорци	1	1890	156
30185	Загорци	1	1891	121
30199	Загражден	1	1892	64
30209	Загражден	1	1893	12
30212	Задруга	1	1894	122
30226	Заевите	1	1895	213
30234	Заимчево	1	1896	192
30243	Зайчар	1	1897	192
30257	Зайчари	1	1898	210
30260	Зайчино	1	1899	125
30274	Зайчино ореше	1	1900	157
30291	Замфир	1	1901	132
30301	Замфирово	1	1902	20
30329	Заноге	1	1903	203
30332	Зараево	1	1904	176
31406	Зарица	1	1905	58
30346	Зарник	1	1906	101
30350	Заселе	1	1907	203
30363	Засмяно	1	1908	4
30377	Зафирово	1	1909	58
30394	Захари Стояново	1	1910	260
30404	Захари Стояново	1	1911	176
30418	Зая	1	1912	81
30421	Звегор	1	1913	248
30435	Звезда	1	1914	192
30449	Звезда	1	1915	176
30452	Звездел	1	1916	147
30466	Звезделина	1	1917	125
30475	Звезден	1	1918	125
30483	Звездец	1	1919	140
30497	Звездица	1	1920	42
31416	Звездица	1	1921	159
30507	Звенимир	1	1922	58
30510	Зверино	1	1923	143
30524	Звиница	1	1924	125
30538	Звънарка	1	1925	120
30541	Звънарци	1	1926	122
30555	Звънец	1	1927	52
30569	Звъника	1	1928	125
30572	Звъничево	1	1929	165
30586	Звънче	1	1930	125
30590	Згалево	1	1931	177
30606	Згориград	1	1932	50
30613	Згурово	1	1933	150
30627	Здравец	1	1934	1
30630	Здравец	1	1935	197
30644	Здравец	1	1936	241
30658	Здравец	1	1937	72
31423	Здравец	1	1938	134
30661	Здравковец	1	1939	55
30675	Здравчец	1	1940	108
30689	Зебил	1	1941	58
30692	Зелена морава	1	1942	159
30702	Зелендол	1	1943	21
30716	Зелениград	1	1944	237
30721	Зеленик	1	1945	85
30733	Зеленика	1	1946	238
30747	Зелениково	1	1947	125
30750	Зелениково	1	1948	36
30764	Зелено дърво	1	1949	55
30778	Земен	2	1950	90
30781	Земенци	1	1951	121
30795	Землен	1	1952	182
30805	Зетьово	1	1953	3
30819	Зетьово	1	1954	258
30822	Зидарово	1	1955	215
30836	Зидарци	1	1956	167
30847	Зимевица	1	1957	203
30853	Зимен	1	1958	106
30867	Зимзелен	1	1959	125
30870	Зимница	1	1960	149
30884	Зимница	1	1961	121
30898	Зимница	1	1962	223
30908	Зимовина	1	1963	220
30911	Зиморница	1	1964	120
30942	Златар	1	1965	43
30956	Златари	1	1966	239
14521	Златарица	1	1967	16
30962	Златарица	2	1968	91
30973	Златевци	1	1969	55
30990	Злати войвода	1	1970	210
31005	Златина	1	1971	180
31019	Златиница	1	1972	27
31022	Златирът	1	1973	65
31036	Златитрап	1	1974	189
31044	Златица	2	1975	92
31053	Златия	1	1976	51
31067	Златия	1	1977	74
31070	Златна ливада	1	1978	258
31084	Златна нива	1	1979	107
31098	Златна Панега	1	1980	262
31108	Златовръх	1	1981	10
31111	Златоград	2	1982	93
31125	Златоклас	1	1983	82
31139	Златолист	1	1984	198
31142	Златолист	1	1985	120
31156	Златополе	1	1986	72
31160	Златосел	1	1987	36
31173	Златоустово	1	1988	138
31187	Златуша	1	1989	24
31190	Злидол	1	1990	143
31200	Злогош	1	1991	235
31214	Злокучене	1	1992	205
31228	Злокучене	1	1993	196
31245	Змеево	1	1994	11
31259	Змеица	1	1995	79
31262	Змейно	1	1996	159
31276	Змейово	1	1997	221
31285	Змиево	1	1998	213
31293	Знаменосец	1	1999	182
31303	Зограф	1	2000	56
31317	Зойчене	1	2001	169
20910	Зорница	1	2002	198
31334	Зорница	1	2003	4
31348	Зорница	1	2004	125
31351	Зорница	1	2005	254
31365	Зорница	1	2006	246
31379	Зорница	1	2007	218
31396	Зърнево	1	2008	232
32010	Ивайло	1	2009	165
32024	Ивайловград	2	2010	94
32038	Иван Вазово	1	2011	102
32041	Иван Димов	1	2012	238
32192	Иван Шишманово	1	2013	89
32055	Иванивановци	1	2014	85
32069	Иванили	1	2015	55
32072	Иванковци	1	2016	55
32086	Иваново	1	2017	169
32095	Иваново	1	2018	95
32100	Иваново	1	2019	245
32113	Иваново	1	2020	53
32929	Иваново	1	2021	191
32127	Ивановци	1	2022	44
32130	Ивановци	1	2023	49
32144	Ивановци	1	2024	126
32158	Ивански	1	2025	261
32161	Иванци	1	2026	125
32175	Иванча	1	2027	174
32189	Иванча	1	2028	176
32216	Иваняне	1	2029	217
32226	Иганово	1	2030	105
32233	Иглика	1	2031	55
32250	Иглика	1	2032	248
32264	Иглика	1	2033	27
32278	Игнатиево	2	2034	4
32281	Игнатица	1	2035	143
32295	Игнатово	1	2036	51
32305	Игнатовци	1	2037	85
32319	Игнатовци	1	2038	81
32322	Игралище	1	2039	225
32336	Идилево	1	2040	204
32341	Избеглии	1	2041	10
32353	Избул	1	2042	157
32367	Извор	1	2043	38
32370	Извор	1	2044	73
32384	Извор	1	2045	183
32408	Извор	1	2046	189
32411	Извор	1	2047	211
32439	Извор махала	1	2048	124
32425	Изворище	1	2049	38
32442	Изворник	1	2050	52
32456	Изворово	1	2051	258
32467	Изворово	1	2052	56
32473	Изворово	1	2053	7
32487	Изворово	1	2054	245
32490	Изворско	1	2055	4
32500	Изворче	1	2056	130
134	Изгрев	1	2057	21
32514	Изгрев	1	2058	250
32528	Изгрев	1	2059	226
32531	Изгрев	1	2060	127
32545	Изгрев	1	2061	210
32559	Изгрев	1	2062	151
32562	Изгрев	1	2063	46
32576	Изгрев	1	2064	87
32582	Източник	1	2065	55
32593	Илаков рът	1	2066	85
32617	Илевци	1	2067	44
32620	Илийно	1	2068	159
32634	Илийско	1	2069	71
32648	Илинден	1	2070	243
32651	Илинден	1	2071	146
32665	Илинденци	1	2072	225
32679	Илиница	1	2073	125
32682	Илиювци	1	2074	85
32696	Илия	1	2075	150
32706	Илия Блъсково	1	2076	261
32723	Имренчево	1	2077	43
32737	Индже войвода	1	2078	215
32754	Иново	1	2079	49
32768	Иречек	1	2080	99
32771	Иречеково	1	2081	223
32785	Иринеци	1	2082	238
32799	Ирник	1	2083	209
32809	Искра	1	2084	106
32812	Искра	1	2085	81
32826	Искра	1	2086	181
32839	Искра	1	2087	209
32946	Искра	1	2088	9
32843	Искрец	1	2089	203
32857	Искрица	1	2090	66
14888	Искър	1	2091	64
32860	Искър	1	2092	52
55782	Искър	2	2093	96
32874	Исперих	2	2094	97
32888	Исперихово	1	2095	33
32891	Исьовци	1	2096	213
32901	Ихтиман	2	2097	98
32915	Ичера	1	2098	210
34014	Йерусалимово	1	2099	135
34028	Йоаким Груево	1	2100	219
34045	Йовково	1	2101	56
34062	Йововци	1	2102	238
34076	Йовчевци	1	2103	44
34093	Йоглав	1	2104	130
34103	Йонково	1	2105	97
34117	Йончово	1	2106	256
34134	Йорданово	1	2107	206
37945	Кокорово	1	2108	213
35028	Кабиле	1	2109	239
35033	Каблешково	2	2110	175
35047	Каблешково	1	2111	256
35050	Каблешково	1	2112	232
35064	Каварна	2	2113	99
35078	Кавлак	1	2114	222
35081	Кавракирово	1	2115	169
35095	Кадиево	1	2116	189
35119	Кадровица	1	2117	150
35143	Казак	1	2118	94
35153	Казанка	1	2119	221
35167	Казанлък	2	2120	100
35184	Казаците	1	2121	71
35198	Казачево	1	2122	130
35208	Казашка река	1	2123	1
35211	Казашко	1	2124	42
35225	Казимир	1	2125	206
35239	Казичене	1	2126	217
35242	Кайнарджа	1	2127	101
35269	Калайджиево	1	2128	120
35273	Калайджии	1	2129	91
35290	Калейца	1	2130	236
35300	Калековец	1	2131	141
35314	Кален	1	2132	143
35328	Каленик	1	2133	49
35331	Каленик	1	2134	242
35345	Каленовци	1	2135	59
35362	Калиманци	1	2136	198
35376	Калиманци	1	2137	226
35384	Калина	1	2138	34
35393	Калина	1	2139	56
35403	Калинка	1	2140	125
35417	Калино	1	2141	248
41143	Калипетрово	1	2142	206
35420	Калитиново	1	2143	221
35434	Калище	1	2144	110
35448	Калнище	1	2145	7
35451	Калово	1	2146	140
35465	Каломен	1	2147	81
35479	Калотина	1	2148	80
35482	Калотинци	1	2149	90
35496	Калофер	2	2150	105
35506	Калоян	1	2151	52
35515	Калояновец	1	2152	221
35523	Калояново	1	2153	102
35537	Калояново	1	2154	210
35540	Калоянци	1	2155	125
35554	Калугерене	1	2156	58
35571	Калугерово	1	2157	128
35585	Калугерово	1	2158	178
35599	Калугерово	1	2159	207
35609	Калчево	1	2160	239
35626	Калчовци	1	2161	55
35630	Камбелевци	1	2162	80
35643	Камбурово	1	2163	159
35657	Камен	1	2164	222
35660	Камен	1	2165	210
35674	Камен	1	2166	74
35746	Камен бряг	1	2167	99
35756	Камен връх	1	2168	27
35777	Камен дял	1	2169	84
35688	Камена	1	2170	169
35691	Каменар	1	2171	175
35701	Каменар	1	2172	42
35715	Каменар	1	2173	131
35729	Каменари	1	2174	85
35732	Каменарци	1	2175	125
3258	Каменец	1	2176	147
35780	Каменец	1	2177	177
35794	Каменец	1	2178	223
35804	Каменик	1	2179	23
35818	Каменица	1	2180	225
35821	Каменица	1	2181	146
35835	Каменичка Скакавица	1	2182	126
35849	Каменка	1	2183	120
35866	Каменна река	1	2184	234
35871	Каменна Рикса	1	2185	57
35883	Камено	2	2186	103
35910	Камено поле	1	2187	190
35897	Каменово	1	2188	122
35907	Каменово	1	2189	156
35938	Каменци	1	2190	101
35955	Каменяк	1	2191	192
35969	Каменяк	1	2192	248
35972	Каменяне	1	2193	71
35986	Камещица	1	2194	55
35997	Камилски дол	1	2195	94
36004	Камчия	1	2196	227
36021	Кандилка	1	2197	120
36035	Кандови	1	2198	45
36049	Каниц	1	2199	25
36052	Кантари	1	2200	85
36066	Каняк	1	2201	256
36079	Каолиново	2	2202	104
36083	Капатово	1	2203	169
36110	Капитан Андреево	1	2204	201
36124	Капитан Димитриево	1	2205	170
36138	Капитан Димитрово	1	2206	121
36155	Капитан Петко	1	2207	46
24013	Капитан Петко войвода	1	2208	234
36141	Капитановци	1	2209	49
36169	Капище	1	2210	7
36333	Кара Михал	1	2211	197
36172	Карабунар	1	2212	205
36186	Каравелово	1	2213	105
36194	Каравелово	1	2214	153
36200	Каравелово	1	2215	239
36213	Каравельово	1	2216	192
36227	Карагеоргиево	1	2217	3
36230	Караджалово	1	2218	181
36244	Караджово	1	2219	195
36261	Караиванца	1	2220	81
36275	Караиванци	1	2221	85
36289	Караисен	1	2222	164
36292	Карали	1	2223	55
36302	Караманите	1	2224	52
36316	Караманово	1	2225	251
36325	Караманци	1	2226	145
36347	Карамичевци	1	2227	204
36350	Карамфил	1	2228	147
36364	Каран Върбовка	1	2229	68
36378	Карандили	1	2230	85
36381	Караново	1	2231	3
36395	Караново	1	2232	156
36405	Каранци	1	2233	174
36419	Карапелит	1	2234	74
36422	Караполци	1	2235	86
36436	Караш	1	2236	190
36440	Карбинци	1	2237	73
36453	Карвуна	1	2238	11
36467	Кардам	1	2239	56
36470	Кардам	1	2240	176
36484	Карлиево	1	2241	92
36498	Карлово	2	2242	105
36508	Карловско	1	2243	94
36511	Карлуково	1	2244	133
36525	Карнобат	2	2245	106
36556	Касапско	1	2246	137
36566	Касилаг	1	2247	183
36573	Каснаково	1	2248	72
36587	Каспичан	2	2249	107
36590	Каспичан	1	2250	107
36600	Кастел	1	2251	204
36614	Катерица	1	2252	177
36628	Катранджии	1	2253	81
36631	Катраница	1	2254	213
36659	Катрище	1	2255	126
36662	Катунец	1	2256	242
36676	Катуница	1	2257	195
36681	Катунище	1	2258	115
36693	Катунци	1	2259	198
36703	Кацелово	1	2260	68
36717	Качулка	1	2261	120
36720	Кашенци	1	2262	238
36734	Кашина	1	2263	198
36748	Каялоба	1	2264	108
36751	Керека	1	2265	81
36765	Керените	1	2266	238
36779	Кермен	2	2267	210
36782	Кесарево	1	2268	222
36796	Кестен	1	2269	69
36806	Кестеново	1	2270	159
36823	Киевци	1	2271	55
36837	Килифарево	2	2272	44
36854	Кипилово	1	2273	115
36868	Кипра	1	2274	70
36871	Киревци	1	2275	85
36885	Киреево	1	2276	139
36899	Кирилово	1	2277	221
36909	Кирилово	1	2278	87
36926	Кирково	1	2279	108
36938	Кирово	1	2280	218
36943	Кирчево	1	2281	242
36957	Киселево	1	2282	37
36960	Киселица	1	2283	235
36988	Киселковци	1	2284	238
36974	Киселчово	1	2285	213
36991	Кисийците	1	2286	238
37006	Кисьовци	1	2287	44
37010	Китанчево	1	2288	97
37023	Китен	2	2289	179
37037	Китен	1	2290	180
37040	Китино	1	2291	7
37068	Китка	1	2292	1
37071	Китна	1	2293	108
37085	Китница	1	2294	9
37099	Кичево	1	2295	4
37109	Киченица	1	2296	184
37126	Кладенец	1	2297	220
37135	Кладенец	1	2298	261
37143	Кладенци	1	2299	169
37157	Кладенци	1	2300	232
37160	Кладни дял	1	2301	44
37174	Кладница	1	2302	167
37188	Кладоруб	1	2303	73
41232	Кленовик	1	2304	183
37191	Клепало	1	2305	225
37201	Кликач	1	2306	106
37215	Климаш	1	2307	227
37229	Климент	1	2308	105
37232	Климент	1	2309	104
37246	Климентово	1	2310	4
41246	Климентово	1	2311	174
37263	Клисура	1	2312	21
37277	Клисура	2	2313	105
37280	Клисура	1	2314	217
37294	Клисура	1	2315	196
37304	Клисурица	1	2316	148
37318	Клисурски манастир	3	2317	54
37321	Клокотница	1	2318	246
37335	Клъшка река	1	2319	44
37349	Ключ	1	2320	169
37352	Кметовци	1	2321	55
37366	Кметчета	1	2322	55
37376	Кнежа	2	2323	109
37383	Книжовник	1	2324	246
37397	Княжева махала	1	2325	37
37407	Княжево	1	2326	234
61791	Княжевско	1	2327	161
37410	Кобилино	1	2328	94
37424	Кобиляк	1	2329	26
37438	Кобиляне	1	2330	125
37455	Ковач	1	2331	182
37469	Ковачевец	1	2332	176
37472	Ковачевица	1	2333	67
37486	Ковачево	1	2334	198
37491	Ковачево	1	2335	205
37507	Ковачево	1	2336	182
37513	Ковачевци	1	2337	110
37527	Ковачевци	1	2338	196
37530	Ковачите	1	2339	210
37544	Ковачица	1	2340	132
37558	Ковил	1	2341	120
37561	Коевци	1	2342	228
37575	Коевци	1	2343	238
37592	Кожари	1	2344	28
37602	Кожинци	1	2345	237
37616	Кожлювци	1	2346	85
37622	Кожухарци	1	2347	120
37633	Козаново	1	2348	10
37647	Козар Белене	1	2349	127
37650	Козаре	1	2350	106
37664	Козаревец	1	2351	136
37678	Козаревец	1	2352	221
37681	Козарево	1	2353	239
37695	Козарка	1	2354	151
37705	Козарско	1	2355	33
37722	Кози рог	1	2356	55
37736	Козица	1	2357	71
37748	Козица	1	2358	176
37753	Козичино	1	2359	175
37767	Козлево	1	2360	108
37770	Козлец	1	2361	246
37784	Козловец	1	2362	202
37798	Козлодуй	2	2363	111
37808	Козлодуйци	1	2364	74
37811	Козма презвитер	1	2365	159
37825	Козница	1	2366	152
37842	Козя река	1	2367	85
37839	Козяк	1	2368	82
37856	Коиловци	1	2369	172
37863	Койнаре	2	2370	255
37890	Койчовци	1	2371	238
37914	Кокаляне	1	2372	217
37928	Кокиче	1	2373	125
37959	Кокорци	1	2374	191
37962	Кокошане	1	2375	125
37976	Колари	1	2376	85
37989	Коларово	1	2377	169
37993	Коларово	1	2378	58
38008	Коларово	1	2379	182
38011	Коларово	1	2380	245
38025	Коларци	1	2381	232
38039	Колена	1	2382	221
38042	Колец	1	2383	145
38056	Колибите	1	2384	225
38060	Колишовци	1	2385	55
38073	Колобър	1	2386	82
38090	Колю Ганев	1	2387	238
38100	Колю Мариново	1	2388	32
38114	Комарево	1	2389	180
38128	Комарево	1	2390	41
38131	Комарево	1	2391	20
38145	Комарево	1	2392	76
38159	Комощица	1	2393	263
38162	Комунари	1	2394	84
38176	Комунига	1	2395	256
38186	Комщица	1	2396	59
38193	Конак	1	2397	176
38203	Конаре	1	2398	65
38217	Конаре	1	2399	56
38220	Конарско	1	2400	264
38234	Конарското	1	2401	238
38248	Кондово	1	2402	94
38251	Кондолово	1	2403	250
38265	Кондофрей	1	2404	183
38279	Коневец	1	2405	239
38282	Конево	1	2406	125
38296	Конево	1	2407	97
38306	Конево	1	2408	53
38317	Конници	1	2409	94
38323	Коноп	1	2410	7
41126	Конска	1	2411	35
38337	Константин	1	2412	85
38340	Константиновец	1	2413	182
38354	Константиново	1	2414	42
38368	Константиново	1	2415	207
52279	Константиново	1	2416	103
38371	Контил	1	2417	71
38385	Конуш	1	2418	10
38399	Конуш	1	2419	246
38409	Конче	1	2420	147
41188	Коньовец	1	2421	261
38426	Коньово	1	2422	156
38432	Коняво	1	2423	126
38460	Копаница	1	2424	183
38474	Копиловци	1	2425	126
38488	Копиловци	1	2426	57
38491	Копитник	1	2427	256
38501	Копрец	1	2428	241
38515	Коприва	1	2429	126
38529	Копривец	1	2430	39
38532	Копривлен	1	2431	243
38558	Копривщица	2	2432	112
38563	Копринка	1	2433	100
38577	Копчелиите	1	2434	55
38580	Корен	1	2435	246
38594	Кориите	1	2436	137
38604	Коритата	1	2437	191
38618	Коритен	1	2438	121
38621	Корията	1	2439	204
38635	Коркина	1	2440	22
38652	Кормянско	1	2441	204
38666	Корница	1	2442	62
38683	Кортен	1	2443	156
38697	Кос	1	2444	147
38707	Косара	1	2445	58
38710	Косарка	1	2446	81
38724	Косача	1	2447	110
38738	Косевци	1	2448	85
38741	Косилка	1	2449	81
38769	Косовец	1	2450	175
38772	Косово	1	2451	34
38786	Косово	1	2452	235
38799	Косово	1	2453	10
38804	Косово	1	2454	107
38858	Коста Перчево	1	2455	124
38813	Костадините	1	2456	55
41191	Костадинкино	1	2457	98
38830	Костанденец	1	2458	249
38844	Костандово	2	2459	186
38861	Костел	1	2460	85
38875	Костелево	1	2461	50
38889	Костен	1	2462	227
38892	Костена река	1	2463	261
38902	Костенец	2	2464	113
38916	Костенец	1	2465	113
38920	Костенковци	1	2466	55
38933	Костенци	1	2467	20
38947	Кости	1	2468	250
38950	Костиево	1	2469	141
38964	Костилково	1	2470	94
38978	Костинброд	2	2471	114
38981	Костино	1	2472	125
38995	Костичовци	1	2473	73
39001	Костур	1	2474	201
39013	Костурино	1	2475	108
39027	Костуринци	1	2476	237
39030	Котел	2	2477	115
39044	Котеновци	1	2478	20
39058	Котлари	1	2479	120
39061	Котленци	1	2480	74
39075	Котуци	1	2481	85
39089	Кочан	1	2482	200
39092	Кочани	1	2483	151
39102	Кочево	1	2484	195
39116	Кочериново	2	2485	116
39127	Кочмар	1	2486	232
39133	Кочово	1	2487	43
39147	Кошава	1	2488	49
39150	Кошарево	1	2489	35
41251	Кошарите	1	2490	183
39164	Кошарица	1	2491	152
39178	Кошарна	1	2492	212
39181	Кошница	1	2493	213
39195	Кошничари	1	2494	241
39205	Кошов	1	2495	95
39222	Кравино	1	2496	161
39236	Краводер	1	2497	118
39242	Крагулево	1	2498	74
39267	Краево	1	2499	31
39270	Краище	1	2500	16
39284	Краище	1	2501	56
39298	Крайгорци	1	2502	53
39311	Крайна	1	2503	137
41277	Крайна	1	2504	151
39325	Крайни дол	1	2505	83
39339	Крайници	1	2506	83
39342	Крайно село	1	2507	125
39356	Крайново	1	2508	27
39368	Крайполе	1	2509	7
39373	Кракра	1	2510	52
39387	Кралев дол	1	2511	167
39390	Кралево	1	2512	241
39400	Кралево	1	2513	220
39428	Крали Марко	1	2514	165
39431	Крамолин	1	2515	204
39445	Кран	1	2516	108
39459	Кранево	1	2517	11
39462	Краново	1	2518	101
39483	Крапец	1	2519	143
39493	Крапец	1	2520	260
39503	Крапчене	1	2521	148
39517	Красава	1	2522	35
39520	Красен	1	2523	95
39534	Красен	1	2524	56
39548	Красен дол	1	2525	153
39551	Красимир	1	2526	84
39565	Красино	1	2527	120
39582	Красно градище	1	2528	228
39579	Красново	1	2529	247
39596	Красноселци	1	2530	159
39606	Крачимир	1	2531	18
39614	Кремен	1	2532	13
41174	Кремен	1	2533	108
39623	Кремена	1	2534	11
39637	Кремене	1	2535	213
80131	Кременец	1	2536	147
39640	Кременик	1	2537	83
39668	Крепост	1	2538	72
39671	Крепча	1	2539	160
39685	Креслювци	1	2540	238
14492	Кресна	2	2541	117
39709	Крета	1	2542	143
39712	Крета	1	2543	64
39726	Крибул	1	2544	200
39730	Крива бара	1	2545	111
39743	Крива бара	1	2546	37
39757	Крива круша	1	2547	156
39760	Крива река	1	2548	153
39788	Кривина	1	2549	251
39791	Кривина	1	2550	217
39801	Кривини	1	2551	78
39815	Кривица	1	2552	197
39829	Кривня	1	2553	180
39832	Кривня	1	2554	47
39863	Криво поле	1	2555	246
39846	Криводол	2	2556	118
39855	Кривонос	1	2557	35
39877	Крилатица	1	2558	108
39880	Крилювци	1	2559	85
39894	Крин	1	2560	125
39918	Крислово	1	2561	141
39921	Кричим	2	2562	119
39935	Кромидово	1	2563	169
39949	Крояч	1	2564	131
39952	Кроячево	1	2565	9
39966	Крум	1	2566	72
39970	Крумовград	2	2567	120
39983	Крумово	1	2568	4
39997	Крумово	1	2569	116
40004	Крумово	1	2570	189
40018	Крумово	1	2571	239
40021	Крумово градище	1	2572	106
40035	Крумчевци	1	2573	85
40049	Крупен	1	2574	99
40052	Крупник	1	2575	208
40066	Круша	1	2576	1
40070	Круша	1	2577	80
40083	Крушаре	1	2578	210
40097	Крушари	1	2579	121
40110	Крушев дол	1	2580	137
40124	Крушевец	1	2581	215
40138	Крушево	1	2582	67
40141	Крушево	1	2583	204
40155	Крушево	1	2584	181
40169	Крушевска	1	2585	125
40172	Крушето	1	2586	61
40186	Крушка	1	2587	125
40195	Крушовене	1	2588	76
40200	Крушовица	1	2589	144
40213	Крушовица	1	2590	77
40227	Крушовица	1	2591	86
40230	Крушово	1	2592	106
40244	Крушово	1	2593	134
40258	Крушолак	1	2594	7
40261	Крушуна	1	2595	129
40275	Кръвеник	1	2596	204
40292	Крън	2	2597	100
40302	Крънджилица	1	2598	169
40316	Крънча	1	2599	81
41136	Кръстава	1	2600	45
40326	Кръстатица	1	2601	12
40333	Кръстевич	1	2602	247
40350	Кръстеняците	1	2603	238
40364	Кръстец	1	2604	238
40378	Кръстилци	1	2605	198
40381	Кръстина	1	2606	103
40395	Кръшно	1	2607	241
40419	Кубадин	1	2608	218
40422	Кубрат	2	2609	122
40436	Кубратово	1	2610	217
40441	Куделин	1	2611	34
40453	Кузьово	1	2612	16
40467	Куклен	2	2613	123
40470	Кукля	1	2614	81
40484	Кукорево	1	2615	239
40498	Кукувица	1	2616	213
40508	Кукурахцево	1	2617	169
40511	Кукуряк	1	2618	108
40525	Кула	2	2619	124
40539	Кулата	1	2620	169
40573	Кулина вода	1	2621	15
40587	Куманите	1	2622	81
40590	Куманово	1	2623	4
40628	Кундево	1	2624	151
40645	Кунино	1	2625	190
40659	Купен	1	2626	204
40662	Купен	1	2627	137
40676	Купците	1	2628	71
40693	Курново	1	2629	190
40703	Куртово	1	2630	105
40717	Куртово Конаре	1	2631	219
40748	Кутела	1	2632	213
40751	Кутловица	1	2633	5
41263	Кутово	1	2634	49
40765	Кутугерци	1	2635	126
40779	Куцаровци	1	2636	44
40782	Куцина	1	2637	174
40796	Куцово	1	2638	256
40806	Кушла	1	2639	93
40823	Къклица	1	2640	120
40837	Къкрина	1	2641	130
40840	Кълново	1	2642	214
40868	Кънчево	1	2643	100
40871	Къпинец	1	2644	7
36107	Къпиново	1	2645	44
40885	Къпиново	1	2646	56
40899	Къпиновци	1	2647	97
40909	Кърджали	2	2648	125
40926	Кърланово	1	2649	198
40912	Кърналово	1	2650	169
40939	Кърнаре	1	2651	105
40943	Кърпачево	1	2652	129
40957	Кърпелево	1	2653	225
40960	Къртипъня	1	2654	81
40974	Къртожабене	1	2655	172
40988	Кърчовско	1	2656	108
40991	Кършалево	1	2657	126
41006	Късак	1	2658	79
41010	Кътина	1	2659	217
41037	Къшин	1	2660	172
41040	Къшле	1	2661	237
41054	Кьолмен	1	2662	53
41085	Кьосево	1	2663	125
41099	Кьосевци	1	2664	7
41109	Кюлевча	1	2665	107
41112	Кюстендил	2	2666	126
43013	Лагерите	1	2667	44
43027	Лагошевци	1	2668	73
43030	Ладарево	1	2669	198
43044	Лазарово	1	2670	109
43061	Лазарци	1	2671	85
14475	Лакатник	1	2672	203
43092	Лакатник	1	2673	203
43102	Лале	1	2674	147
43116	Лалково	1	2675	87
43128	Ламбух	1	2676	94
43147	Ласкар	1	2677	172
43150	Ласкарево	1	2678	198
43164	Латинка	1	2679	9
43178	Лебед	1	2680	71
43181	Лебница	1	2681	198
43195	Лева река	1	2682	237
44906	Левище	1	2683	203
43205	Левка	1	2684	201
43219	Левочево	1	2685	213
22681	Левски	1	2686	166
43222	Левски	1	2687	226
43236	Левски	2	2688	127
43243	Левуново	1	2689	198
44896	Левци	1	2690	9
43253	Леденик	1	2691	44
43267	Лелинци	1	2692	126
43270	Ленище	1	2693	9
43284	Ленково	1	2694	64
43298	Леново	1	2695	10
43308	Ленско	1	2696	94
43311	Лепица	1	2697	255
43325	Лесидрен	1	2698	242
43339	Лесичарка	1	2699	55
43342	Лесиче	1	2700	85
43356	Лесичери	1	2701	164
43369	Лесичово	1	2702	128
43373	Леска	1	2703	126
43387	Леска	1	2704	137
43390	Лесковдол	1	2705	203
43400	Лесковец	1	2706	162
43414	Лесковец	1	2707	20
43428	Лесковец	1	2708	167
43445	Лесново	1	2709	86
43459	Лесово	1	2710	87
43462	Лесура	1	2711	118
43476	Летница	2	2712	129
43484	Летница	1	2713	80
43493	Летовник	1	2714	147
43503	Лехово	1	2715	198
43517	Лехчево	1	2716	26
43520	Лешко	1	2717	21
43548	Лешниково	1	2718	245
43551	Лешниковци	1	2719	237
43565	Лешница	1	2720	198
43579	Лешница	1	2721	130
43582	Лещак	1	2722	137
43596	Лещарка	1	2723	120
43606	Лещен	1	2724	67
43615	Леярово	1	2725	223
43623	Ливада	1	2726	103
43637	Ливаде	1	2727	137
43654	Лик	1	2728	143
43668	Лилеково	1	2729	254
43671	Лилково	1	2730	189
43685	Лиляк	1	2731	241
43699	Лиляново	1	2732	198
43709	Лиляч	1	2733	150
43712	Лиляче	1	2734	50
43726	Лимец	1	2735	120
43730	Липен	1	2736	148
43743	Липец	1	2737	213
43757	Липинци	1	2738	80
43760	Липник	1	2739	184
43774	Липница	1	2740	144
43788	Липница	1	2741	31
43815	Лисец	1	2742	126
43829	Лисец	1	2743	130
43832	Лисец	1	2744	196
43846	Лиси връх	1	2745	104
43856	Лисиците	1	2746	125
43863	Лисия	1	2747	21
43877	Лисово	1	2748	201
43880	Листец	1	2749	192
43894	Листец	1	2750	58
43904	Литаково	1	2751	31
43918	Лобош	1	2752	110
43921	Ловец	1	2753	221
43935	Ловец	1	2754	241
43949	Ловец	1	2755	53
43952	Ловеч	2	2756	130
43966	Ловнидол	1	2757	204
44937	Ловско	1	2758	131
43983	Ловци	1	2759	137
43997	Ловчанци	1	2760	74
68792	Логодаж	1	2761	21
44015	Лоза	1	2762	55
44029	Лозарево	1	2763	227
44032	Лозево	1	2764	261
44046	Лозен	1	2765	222
44053	Лозен	1	2766	205
44063	Лозен	1	2767	217
44077	Лозен	1	2768	135
63149	Лозен	1	2769	221
44080	Лозенградци	1	2770	108
44094	Лозенец	1	2771	250
44104	Лозенец	1	2772	121
44118	Лозенец	1	2773	223
44121	Лозеница	1	2774	198
44149	Лозица	1	2775	227
44152	Лозица	1	2776	155
44166	Лозница	2	2777	131
44179	Лозница	1	2778	56
44183	Лозно	1	2779	126
44210	Локвата	1	2780	22
44224	Локорско	1	2781	217
44238	Лом	2	2782	132
5133	Лом Черковна	1	2783	39
44241	Ломец	1	2784	236
44255	Ломница	1	2785	126
44269	Ломница	1	2786	237
44272	Ломница	1	2787	74
44286	Ломци	1	2788	176
44294	Лопушна	1	2789	84
44300	Лопушня	1	2790	59
44313	Лопян	1	2791	88
24116	Лудогорци	1	2792	97
44327	Луковит	2	2793	133
44330	Луково	1	2794	203
44344	Луличка	1	2795	120
44358	Лъвино	1	2796	97
44361	Лъвово	1	2797	125
44389	Лъга	1	2798	88
44416	Лъжница	1	2799	62
44425	Лъка	1	2800	175
44433	Лъка	1	2801	213
44447	Лъкавица	1	2802	134
44464	Лъки	1	2803	243
44478	Лъки	2	2804	134
44481	Любен	1	2805	229
44495	Любен	1	2806	209
44519	Любен Каравелово	1	2807	4
44505	Любенец	1	2808	156
44522	Любенова махала	1	2809	156
44536	Любеново	1	2810	155
44540	Любеново	1	2811	182
44553	Любеново	1	2812	246
44567	Любенци	1	2813	222
44570	Любимец	2	2814	135
44584	Любино	1	2815	9
44598	Любичево	1	2816	7
44608	Люблен	1	2817	160
44611	Любница	1	2818	98
44625	Любовище	1	2819	198
44639	Любовка	1	2820	198
44642	Любча	1	2821	79
44656	Люлин	1	2822	167
44666	Люлин	1	2823	223
44673	Люлка	1	2824	213
44687	Люляк	1	2825	221
44690	Люляково	1	2826	192
44700	Люляково	1	2827	125
44714	Люляково	1	2828	56
44728	Лютаджик	1	2829	50
44745	Лютиброд	1	2830	143
44759	Лютидол	1	2831	143
44762	Лютово	1	2832	16
44776	Лява река	1	2833	65
44781	Лялинци	1	2834	237
44793	Лясковец	2	2835	136
44803	Лясковец	1	2836	220
43431	Лясково	1	2837	74
44817	Лясково	1	2838	3
44820	Лясково	1	2839	256
44834	Лясково	1	2840	10
44848	Лясково	1	2841	69
44851	Лясково	1	2842	221
44865	Лятно	1	2843	104
44879	Ляхово	1	2844	165
44882	Ляхово	1	2845	11
46019	Магарджица	1	2846	213
46036	Мадан	1	2847	26
46045	Мадан	2	2848	137
46053	Мадара	1	2849	261
46067	Маджаре	1	2850	196
46070	Маджари	1	2851	220
46084	Маджарово	2	2852	138
46098	Маджерито	1	2853	221
46108	Мазарачево	1	2854	126
46111	Майор Узуново	1	2855	49
46125	Майско	1	2856	85
46139	Майсторово	1	2857	125
46156	Мак	1	2858	9
46190	Макариополско	1	2859	241
46214	Македонци	1	2860	125
46228	Маково	1	2861	241
46231	Макоцево	1	2862	60
46245	Макреш	1	2863	139
46259	Мала Раковица	1	2864	24
46262	Мала Фуча	1	2865	22
46276	Мала църква	1	2866	196
46286	Малево	1	2867	254
46293	Малево	1	2868	246
46303	Маленово	1	2869	223
46317	Мали Върбовник	1	2870	22
46320	Мали Дреновец	1	2871	73
46334	Мали извор	1	2872	232
46348	Малина	1	2873	218
46351	Малина	1	2874	56
46365	Малини	1	2875	55
46396	Малиново	1	2876	130
46406	Малка Арда	1	2877	12
46417	Малка Верея	1	2878	221
46437	Малка Желязна	1	2879	233
46440	Малка поляна	1	2880	3
46454	Малка Смолница	1	2881	74
46468	Малка Черковна	1	2882	7
46471	Малка Чинка	1	2883	120
46485	Малки Българени	1	2884	81
46499	Малки Воден	1	2885	138
46509	Малки Вършец	1	2886	204
49641	Малки Искър	1	2887	88
46512	Малки Станчовци	1	2888	238
46526	Малки Цалим	1	2889	198
46532	Малки чифлик	1	2890	44
46543	Малко Асеново	1	2891	72
46557	Малко Брягово	1	2892	138
46560	Малко Враново	1	2893	212
46574	Малко градище	1	2894	135
46588	Малко Дряново	1	2895	32
50512	Малко Йонково	1	2896	97
46591	Малко Кадиево	1	2897	221
46601	Малко Каменяне	1	2898	120
46615	Малко Кирилово	1	2899	87
46629	Малко Крушево	1	2900	12
46632	Малко Попово	1	2901	138
46646	Малко село	1	2902	115
46658	Малко Тръново	1	2903	258
46663	Малко Търново	2	2904	140
46694	Малко Чочовени	1	2905	210
46704	Малко Шарково	1	2906	27
46680	Малкоч	1	2907	108
46721	Мало Бучино	1	2908	217
46749	Мало Конаре	1	2909	165
46752	Мало Крушево	1	2910	247
46766	Мало Малово	1	2911	80
46807	Мало Пещене	1	2912	50
46824	Мало село	1	2913	22
46735	Малоградец	1	2914	7
46773	Маломир	1	2915	53
46783	Маломир	1	2916	239
46797	Маломирово	1	2917	87
46810	Малорад	1	2918	29
49655	Малуша	1	2919	55
46841	Малчика	1	2920	127
46855	Малчовци	1	2921	44
46869	Малчовци	1	2922	238
46872	Малък Девесил	1	2923	120
49998	Малък дол	1	2924	32
46886	Малък извор	1	2925	262
46899	Малък извор	1	2926	220
46904	Малък манастир	1	2927	87
46913	Малък Поровец	1	2928	97
46927	Малък Преславец	1	2929	58
46944	Малък чардак	1	2930	229
46958	Мамарчево	1	2931	27
46961	Манаселска река	1	2932	178
46975	Манастир	1	2933	180
46989	Манастир	1	2934	134
46992	Манастир	1	2935	246
47007	Манастирица	1	2936	176
47010	Манастирище	1	2937	244
47024	Манастирище	1	2938	203
47038	Манастирско	1	2939	131
47041	Манастирци	1	2940	131
47055	Мандра	1	2941	246
47069	Мандрица	1	2942	94
47072	Маневци	1	2943	238
47086	Маноле	1	2944	141
47096	Манолич	1	2945	227
47101	Манолово	1	2946	163
47113	Манолско Конаре	1	2947	141
47127	Маноя	1	2948	81
47130	Манушевци	1	2949	7
47144	Манчево	1	2950	147
47158	Марафелци	1	2951	85
47161	Мараш	1	2952	261
47175	Марговци	1	2953	44
47189	Марикостиново	1	2954	169
47202	Маринка	1	2955	38
47247	Марино поле	1	2956	169
47250	Марино поле	1	2957	105
47227	Мариновци	1	2958	85
47264	Марица	1	2959	196
47295	Марково	1	2960	189
47305	Марково	1	2961	32
47319	Марково	1	2962	107
47322	Марково равнище	1	2963	190
47336	Мартен	2	2964	194
47342	Мартино	1	2965	125
47353	Мартиново	1	2966	257
47370	Марулево	1	2967	21
47384	Маруцековци	1	2968	238
47408	Марчево	1	2969	67
47411	Марчино	1	2970	176
47425	Марян	1	2971	85
47439	Масларево	1	2972	174
47442	Маслиново	1	2973	246
47456	Матешовци	1	2974	238
47468	Маточина	1	2975	201
47473	Махалата	1	2976	225
47487	Махалници	1	2977	85
47500	Маца	1	2978	182
47528	Медвен	1	2979	115
47531	Медевци	1	2980	108
47545	Меден бук	1	2981	94
47562	Меден кладенец	1	2982	239
47559	Медени поляни	1	2983	230
47583	Медешевци	1	2984	63
47593	Медковец	1	2985	142
47603	Медникарово	1	2986	66
47617	Медовене	1	2987	122
47620	Медовец	1	2988	84
47634	Медовина	1	2989	176
47648	Медовница	1	2990	73
47651	Медово	1	2991	175
47665	Медово	1	2992	32
47679	Медово	1	2993	74
47682	Межда	1	2994	239
47696	Межден	1	2995	82
47706	Междени	1	2996	55
47714	Мездра	2	2997	143
47723	Мездрея	1	2998	20
47737	Мезек	1	2999	201
47754	Мелник	2	3000	198
47768	Мелница	1	3001	87
47771	Меляне	1	3002	57
47785	Менгишево	1	3003	53
47799	Мендово	1	3004	169
47812	Мененкьово	1	3005	17
47826	Мерданя	1	3006	136
47843	Меричлери	2	3007	72
47857	Места	1	3008	13
47860	Метлика	1	3009	120
47874	Метличина	1	3010	52
47888	Метличина	1	3011	108
47891	Метличка	1	3012	108
47901	Методиево	1	3013	74
47915	Методиево	1	3014	53
47929	Метохия	1	3015	235
47963	Мечка	1	3016	172
47977	Мечка	1	3017	95
47980	Мечкарево	1	3018	210
47994	Мечковица	1	3019	55
48009	Мечковци	1	3020	98
48012	Мечкул	1	3021	208
48026	Мечово	1	3022	7
48037	Мещица	1	3023	167
48043	Мизия	2	3024	144
48057	Мийковци	1	3025	85
48060	Микре	1	3026	242
49686	Микрево	1	3027	225
48074	Миладиново	1	3028	125
48088	Миладиновци	1	3029	74
48091	Миладиновци	1	3030	241
48101	Миладиновци	1	3031	239
48129	Миланово	1	3032	203
48132	Миланово	1	3033	43
48146	Миле	1	3034	137
48152	Милево	1	3035	195
48177	Милевци	1	3036	238
48194	Милино	1	3037	7
48204	Милковица	1	3038	64
48218	Милково	1	3039	213
48235	Милковци	1	3040	55
48249	Милкьовци	1	3041	237
48252	Милославци	1	3042	237
48266	Милчина лъка	1	3043	63
48278	Миндя	1	3044	44
48283	Миневци	1	3045	85
48297	Минерални бани	1	3046	145
48307	Минзухар	1	3047	256
48324	Мирково	1	3048	146
48338	Мировец	1	3049	241
48341	Мирово	1	3050	222
48369	Мирово	1	3051	98
48372	Мирово	1	3052	32
48386	Мировци	1	3053	157
48393	Мировяне	1	3054	217
48409	Миролюбово	1	3055	38
48430	Мирчовци	1	3056	85
48444	Мирянци	1	3057	165
48458	Митино	1	3058	169
48461	Митовска	1	3059	137
48475	Митровци	1	3060	257
48492	Михайлово	1	3061	244
48502	Михайлово	1	3062	221
48516	Михайловци	1	3063	55
48524	Михалич	1	3064	52
48533	Михалич	1	3065	201
48547	Михалково	1	3066	69
48550	Михалци	1	3067	164
48564	Михилци	1	3068	247
48578	Михнево	1	3069	169
48581	Миховци	1	3070	238
48605	Мичковци	1	3071	55
48622	Мишевско	1	3072	71
48636	Мишеморков хан	1	3073	44
48653	Млада гвардия	1	3074	48
48667	Младежко	1	3075	140
48670	Младен	1	3076	204
48698	Младиново	1	3077	201
48708	Младово	1	3078	210
48711	Мламолово	1	3079	22
48725	Млекарево	1	3080	156
48742	Млечево	1	3081	204
48756	Млечино	1	3082	9
48765	Могила	1	3083	221
48773	Могила	1	3084	107
48787	Могила	1	3085	239
48790	Могилец	1	3086	159
30380	Могилино	1	3087	68
48800	Могилите	1	3088	238
48814	Могилица	1	3089	213
48828	Могилище	1	3090	99
48831	Могилово	1	3091	258
48845	Могиляне	1	3092	108
45	Мокрен	1	3093	115
48859	Мокреш	1	3094	51
48862	Мокреш	1	3095	43
48876	Мокрище	1	3096	165
50245	Момин проход	2	3097	113
48951	Момин сбор	1	3098	44
48903	Момина клисура	1	3099	17
48917	Момина сълза	1	3100	147
29221	Момина църква	1	3101	218
48920	Момино	1	3102	241
48934	Момино	1	3103	246
48948	Момино село	1	3104	187
48965	Моминско	1	3105	195
48979	Момково	1	3106	201
48996	Момчилград	2	3107	147
49000	Момчилово	1	3108	48
49014	Момчиловци	1	3109	213
48489	Монтана	2	3110	148
49028	Морава	1	3111	202
49031	Моравица	1	3112	143
49045	Моравица	1	3113	7
49059	Моравка	1	3114	7
49062	Моровеците	1	3115	55
49093	Мортагоново	1	3116	184
49103	Морянци	1	3117	120
49117	Московец	1	3118	105
49120	Мост	1	3119	125
49148	Мостич	1	3120	43
49151	Мостово	1	3121	10
49165	Мочуре	1	3122	191
49179	Мощанец	1	3123	21
49182	Мракетинци	1	3124	237
49196	Мрамор	1	3125	237
49206	Мрамор	1	3126	217
49219	Мрамор	1	3127	234
49223	Мраморен	1	3128	50
49237	Мрахори	1	3129	55
49240	Мраченик	1	3130	105
49254	Мрежичко	1	3131	192
49268	Мрежичко	1	3132	71
49271	Мръзеци	1	3133	238
49285	Мугла	1	3134	213
49299	Музга	1	3135	55
49309	Мулдава	1	3136	10
49326	Мурга	1	3137	256
49334	Мургаш	1	3138	59
49343	Мургово	1	3139	125
49357	Мурено	1	3140	90
49360	Мурсалево	1	3141	116
49374	Муртинци	1	3142	35
49388	Мусачево	1	3143	86
49391	Мусачево	1	3144	66
49401	Мусево	1	3145	9
49415	Муселиево	1	3146	155
49429	Мусина	1	3147	164
49432	Мосомище	1	3148	62
49446	Мустрак	1	3149	201
49450	Мухово	1	3150	98
49463	Муця	1	3151	81
49477	Мъглен	1	3152	3
49480	Мъглене	1	3153	108
49494	Мъглиж	2	3154	149
49504	Мъглища	1	3155	137
49518	Мъдрево	1	3156	122
49521	Мъдрец	1	3157	125
49535	Мъдрец	1	3158	66
49549	Мъдрино	1	3159	106
49566	Мърводол	1	3160	150
49583	Мъртвината	1	3161	85
53936	Орлово	1	3379	246
49597	Мърчаево	1	3162	217
49607	Мърчево	1	3163	26
49624	Мътеница	1	3164	247
51010	Навъсен	1	3165	207
51024	Надарево	1	3166	241
51038	Надарци	1	3167	213
51041	Надежден	1	3168	245
51069	Найден Герово	1	3169	229
51072	Найденово	1	3170	32
51086	Нане	1	3171	108
51097	Нановица	1	3172	147
51127	Нареченски бани	1	3173	10
51130	Насалевци	1	3174	237
51158	Наум	1	3175	104
51161	Научене	1	3176	156
51175	Нацовци	1	3177	44
51189	Начево	1	3178	80
51192	Небеска	1	3179	256
35136	Невестино	1	3180	125
51202	Невестино	1	3181	106
51216	Невестино	1	3182	150
51233	Невша	1	3183	48
51250	Негован	1	3184	217
51264	Неговановци	1	3185	158
51278	Негованци	1	3186	183
51281	Негушево	1	3187	60
51295	Недан	1	3188	164
51305	Неделево	1	3189	229
51319	Неделино	2	3190	151
51322	Неделище	1	3191	80
51336	Неделкова Гращица	1	3192	150
51343	Неделково	1	3193	237
51353	Недоклан	1	3194	184
51367	Недялковци	1	3195	85
51370	Недялковци	1	3196	238
51384	Недялско	1	3197	223
51398	Нейково	1	3198	115
51408	Нейково	1	3199	99
51411	Нейкьовец	1	3200	98
51439	Нейчовци	1	3201	81
51442	Ненково	1	3202	125
51456	Неново	1	3203	180
51469	Неновци	1	3204	238
51473	Неофит Бозвелиево	1	3205	147
51487	Неофит Рилски	1	3206	48
51490	Непразненци	1	3207	35
51500	Несебър	2	3208	152
51514	Несла	1	3209	80
51528	Нефела	1	3210	50
51531	Нешевци	1	3211	85
51559	Нивянин	1	3212	29
51562	Никачковци	1	3213	238
51651	Никола Козлево	1	3214	153
51584	Николаевка	1	3215	226
51593	Николаево	1	3216	222
51603	Николаево	1	3217	238
51617	Николаево	1	3218	183
51620	Николаево	1	3219	172
51634	Николаево	1	3220	210
51648	Николаево	2	3221	154
52400	Николичевци	1	3222	126
51665	Николово	1	3223	148
51679	Николово	1	3224	194
51682	Николово	1	3225	246
51696	Николовци	1	3226	85
51706	Николчовци	1	3227	85
51715	Николчовци	1	3228	55
51723	Никопол	2	3229	155
51737	Никудин	1	3230	225
51740	Никюп	1	3231	44
51768	Нисово	1	3232	95
51771	Ничовци	1	3233	85
51785	Нова бяла река	1	3234	53
51799	Нова Върбовка	1	3235	222
51809	Нова Загора	2	3236	156
51812	Нова Камена	1	3237	232
51857	Нова ливада	1	3238	94
51860	Нова Ловча	1	3239	243
51874	Нова махала	1	3240	14
51888	Нова махала	1	3241	154
51891	Нова Надежда	1	3242	246
51901	Нова Попина	1	3243	209
51956	Нова Черна	1	3244	240
51963	Нова Шипка	1	3245	78
51826	Новаково	1	3246	4
51830	Новаково	1	3247	10
51843	Новаковци	1	3248	55
51929	Новачево	1	3249	210
51932	Новачене	1	3250	155
51946	Новачене	1	3251	31
51977	Новград	1	3252	251
32398	Нови извор	1	3253	10
357	Нови Искър	2	3254	217
51994	Нови пазар	1	3255	256
52009	Нови пазар	2	3256	157
52012	Нови хан	1	3257	86
52026	Нови чифлик	1	3258	126
52038	Ново Ботево	1	3259	74
52043	Ново бърдо	1	3260	80
52060	Ново градище	1	3261	222
52074	Ново Делчево	1	3262	198
52088	Ново Железаре	1	3263	247
52091	Ново Кономлади	1	3264	169
52101	Ново Лески	1	3265	243
52115	Ново Оряхово	1	3266	78
52129	Ново Паничарево	1	3267	179
52177	Ново село	1	3268	44
52180	Ново село	1	3269	158
52194	Ново село	1	3270	126
52221	Ново село	1	3271	219
52235	Ново село	1	3272	194
52249	Ново село	1	3273	196
52252	Ново село	1	3274	221
52307	Ново Ходжово	1	3275	198
52310	Ново Янково	1	3276	214
52057	Новогорци	1	3277	91
52132	Новосел	1	3278	261
52146	Новоселец	1	3279	156
52153	Новоселище	1	3280	256
52283	Новоселци	1	3281	49
52297	Новоселяне	1	3282	22
52324	Ноевци	1	3283	35
52338	Ножарево	1	3284	58
52341	Ножарово	1	3285	197
52355	Ножерите	1	3286	238
52369	Носеите	1	3287	238
52372	Ночево	1	3288	256
52386	Нюшковци	1	3289	85
53014	Обединение	1	3290	174
53031	Обел	1	3291	21
53045	Обзор	2	3292	152
53059	Обидим	1	3293	13
53062	Обител	1	3294	159
53076	Обичник	1	3295	147
53089	Обнова	1	3296	127
53093	Оборище	1	3297	52
53103	Оборище	1	3298	166
53117	Обретеник	1	3299	30
53120	Оброчище	1	3300	11
53134	Обручище	1	3301	66
53148	Овен	1	3302	82
53151	Овощарци	1	3303	55
53165	Овощна	1	3304	91
53179	Овощник	1	3305	100
53196	Овча могила	1	3306	202
53182	Овчага	1	3307	180
53206	Овчари	1	3308	120
53210	Овчарово	1	3309	74
53223	Овчарово	1	3310	241
53237	Овчарово	1	3311	245
53240	Овчарово	1	3312	261
53254	Овчарци	1	3313	199
53268	Овчарци	1	3314	182
53271	Овчево	1	3315	71
53285	Овчеполци	1	3316	165
53299	Овчи кладенец	1	3317	239
53309	Оглед	1	3318	191
53312	Огнен	1	3319	106
53326	Огняново	1	3320	67
53335	Огняново	1	3321	165
53343	Огняново	1	3322	86
53357	Огняново	1	3323	121
53374	Огоя	1	3324	203
53388	Оградна	1	3325	151
53391	Огражден	1	3326	56
53401	Одоровци	1	3327	37
53415	Одраница	1	3328	90
53429	Одринци	1	3329	94
53432	Одринци	1	3330	74
53446	Одърне	1	3331	177
53450	Одърци	1	3332	74
53463	Озърновци	1	3333	35
53477	Околиите	1	3334	238
53480	Окоп	1	3335	239
53494	Окорш	1	3336	82
53504	Оман	1	3337	27
53518	Омарчево	1	3338	156
53521	Омарчево	1	3339	104
53535	Омуртаг	2	3340	159
53549	Оногур	1	3341	232
53552	Опака	2	3342	160
53576	Опан	1	3343	161
53583	Опанец	1	3344	172
53597	Опанец	1	3345	74
53607	Опицвет	1	3346	114
53610	Оплетня	1	3347	203
53624	Опълченец	1	3348	32
53638	Опълченско	1	3349	125
53641	Орач	1	3350	7
54821	Орех	1	3351	120
53655	Ореховица	1	3352	76
53669	Орехово	1	3353	254
53672	Ореш	1	3354	202
53691	Орешак	1	3355	4
53707	Орешак	1	3356	236
53713	Орешари	1	3357	120
53727	Ореше	1	3358	67
53730	Орешене	1	3359	262
53744	Орешене	1	3360	82
14489	Орешец	1	3361	73
53758	Орешец	1	3362	73
53761	Орешец	1	3363	10
53775	Орешец	1	3364	245
53792	Орешец	1	3365	213
53789	Орешино	1	3366	94
53802	Орешник	1	3367	234
53816	Орешница	1	3368	125
53822	Оризаре	1	3369	152
53833	Оризари	1	3370	189
53847	Оризари	1	3371	231
53850	Оризово	1	3372	32
53984	Орлинци	1	3373	218
53878	Орлица	1	3374	108
53895	Орлов дол	1	3375	234
53881	Орлова могила	1	3376	74
53905	Орловец	1	3377	174
53919	Орлово	1	3378	115
53948	Орловци	1	3380	55
53953	Орляк	1	3381	232
53967	Орляне	1	3382	242
53970	Орсоя	1	3383	132
53998	Орцево	1	3384	16
54002	Оряховец	1	3385	12
54016	Оряховица	1	3386	221
54020	Оряхово	2	3387	162
54033	Оряхово	1	3388	135
54047	Оселна	1	3389	143
54050	Оселна	1	3390	88
54064	Осен	1	3391	118
54078	Осен	1	3392	58
54081	Осен	1	3393	241
54095	Осенарите	1	3394	44
54105	Осенец	1	3395	184
54119	Осеновец	1	3396	46
54122	Осеновлаг	1	3397	203
54136	Осеново	1	3398	13
54145	Осеново	1	3399	4
54153	Осетеново	1	3400	163
54170	Осиковица	1	3401	178
54184	Осиково	1	3402	67
54198	Осиково	1	3403	69
54208	Осиково	1	3404	176
54211	Осиковска Лакавица	1	3405	178
54225	Осина	1	3406	200
54242	Осларка	1	3407	258
54256	Ослен Криводол	1	3408	143
54273	Осмар	1	3409	43
54287	Осоица	1	3410	60
54300	Остра могила	1	3411	115
54314	Остра могила	1	3412	221
54345	Острец	1	3413	241
54359	Остри пазлак	1	3414	213
54362	Острица	1	3415	68
54376	Острица	1	3416	254
54386	Остров	1	3417	162
54393	Островец	1	3418	108
54403	Островица	1	3419	125
54417	Острово	1	3420	89
54420	Островче	1	3421	184
54434	Острокапци	1	3422	73
54448	Остър камък	1	3423	245
54451	Отец Кирилово	1	3424	36
54465	Отец Паисиево	1	3425	102
54479	Охлювец	1	3426	125
54482	Оходен	1	3427	50
54496	Охрид	1	3428	26
54506	Очиндол	1	3429	143
54554	Очуша	1	3430	113
54517	Ошане	1	3431	18
54523	Ошаните	1	3432	238
54537	Ощава	1	3433	117
55018	Павел	1	3434	174
55021	Павел баня	2	3435	163
55035	Павелско	1	3436	254
55049	Павлевци	1	3437	238
55052	Павликени	2	3438	164
55070	Паволче	1	3439	50
55083	Падала	1	3440	188
55097	Падало	1	3441	120
55107	Падеш	1	3442	21
55110	Падина	1	3443	70
55124	Падина	1	3444	9
55138	Падина	1	3445	58
55141	Падине	1	3446	90
55155	Пазарджик	2	3447	165
55169	Пазарци	1	3448	147
55186	Паисиево	1	3449	82
55196	Паисий	1	3450	61
55201	Пайдушко	1	3451	241
55213	Паламарца	1	3452	176
55227	Палат	1	3453	225
59330	Палатик	1	3454	16
55230	Палатово	1	3455	83
55244	Палаузово	1	3456	223
55258	Палилула	1	3457	26
55261	Палици	1	3458	85
55275	Памидово	1	3459	128
55289	Памукчии	1	3460	221
55292	Памукчии	1	3461	157
55302	Панагюрище	2	3462	166
59375	Панагюрски колонии	1	3463	166
55316	Панайот Волово	1	3464	261
55327	Панайот Хитово	1	3465	159
55333	Панаретовци	1	3466	210
55350	Паницово	1	3467	152
55364	Паничарево	1	3468	22
22767	Паничерево	1	3469	65
55378	Паничери	1	3470	247
55381	Паничино	1	3471	159
59358	Паничище	1	3472	199
55395	Паничково	1	3473	256
55405	Пановци	1	3474	98
55419	Панчарево	1	3475	217
55422	Панчево	1	3476	125
55436	Папрат	1	3477	71
55442	Папратлива	1	3478	85
55453	Парамун	1	3479	237
55467	Парил	1	3480	243
55470	Партизани	1	3481	84
55484	Партизанин	1	3482	32
55498	Парчовци	1	3483	55
55508	Паскалевец	1	3484	164
55511	Паскалево	1	3485	74
55525	Паспал	1	3486	9
55539	Пастра	1	3487	188
55542	Пастух	1	3488	150
61950	Ракита	1	3922	255
55556	Паталеница	1	3489	165
55568	Патица	1	3490	256
55573	Патреш	1	3491	164
55587	Патрешко	1	3492	236
55590	Патриарх Евтимово	1	3493	10
55600	Пауново	1	3494	98
55614	Пашинци	1	3495	120
55628	Пашкул	1	3496	94
55631	Пашови	1	3497	45
55645	Пашово	1	3498	201
55662	Певец	1	3499	241
55676	Певците	1	3500	105
55693	Пейковци	1	3501	85
55703	Пейна	1	3502	81
55717	Пейовци	1	3503	55
55720	Пейчиново	1	3504	39
55734	Пелатиково	1	3505	150
55751	Пелин	1	3506	120
55765	Пелишат	1	3507	172
55796	Пенковци	1	3508	55
55814	Пенкьовци	1	3509	237
55823	Пеньово	1	3510	125
55837	Пепелина	1	3511	68
55840	Пепелище	1	3512	125
55868	Периловец	1	3513	25
55871	Перник	2	3514	167
55885	Перперек	1	3515	125
55899	Перуника	1	3516	120
55909	Перущица	2	3517	168
55912	Песнопой	1	3518	9
55926	Песнопой	1	3519	102
55930	Песочница	1	3520	20
55988	Пет кладенци	1	3521	39
56068	Пет могили	1	3522	156
56071	Пет могили	1	3523	153
55960	Петелово	1	3524	256
65471	Петко Каравелово	1	3525	174
56037	Петко Славейков	1	3526	204
55991	Петково	1	3527	213
56006	Петково	1	3528	86
56011	Петковци	1	3529	85
56023	Петковци	1	3530	81
56040	Петлешково	1	3531	56
56054	Петлино	1	3532	125
56085	Петокладенци	1	3533	15
56099	Петревене	1	3534	133
56109	Петрелик	1	3535	243
56112	Петрино	1	3536	159
56126	Петрич	2	3537	169
56137	Петрич	1	3538	92
56143	Петров дол	1	3539	180
56157	Петров дол	1	3540	137
56174	Петрово	1	3541	198
56188	Петрово	1	3542	221
56191	Петровци	1	3543	55
56201	Петърница	1	3544	77
56215	Петърч	1	3545	114
56229	Пецовци	1	3546	55
56232	Печеница	1	3547	97
56246	Печинска	1	3548	137
56252	Пешаково	1	3549	49
56277	Пещера	2	3550	170
56280	Пещера	1	3551	90
56294	Пещера	1	3552	213
56318	Пещерна	1	3553	133
56321	Пещерско	1	3554	3
56349	Пиперево	1	3555	83
56352	Пиперица	1	3556	198
56378	Пиперков чифлик	1	3557	126
56366	Пиперково	1	3558	251
56383	Пирамидата	1	3559	44
56397	Пиргово	1	3560	95
56407	Пирдоп	2	3561	171
56410	Пирин	1	3562	198
56424	Пиринец	1	3563	7
56438	Пирне	1	3564	3
56441	Писанец	1	3565	47
56455	Писаница	1	3566	213
56472	Писарево	1	3567	61
56486	Писарево	1	3568	157
56493	Писарово	1	3569	96
56509	Писарово	1	3570	56
56513	Писменово	1	3571	179
56527	Питово	1	3572	156
56544	Пишурка	1	3573	142
56558	Пищане	1	3574	211
56561	Пищигово	1	3575	165
56575	Пиявец	1	3576	147
56589	Плазище	1	3577	71
56602	Плаково	1	3578	44
56616	Плакудер	1	3579	49
56624	Плана	1	3580	217
56633	Планинец	1	3581	94
56647	Планиница	1	3582	192
56650	Планиница	1	3583	167
56664	Планиново	1	3584	234
59313	Планинско	1	3585	12
56678	Планинци	1	3586	238
56681	Планинци	1	3587	137
56695	Плачидол	1	3588	74
56705	Плачка	1	3589	81
56719	Плачковци	2	3590	238
56722	Плевен	2	3591	172
55748	Плевун	1	3592	94
56736	Пленимир	1	3593	56
56740	Плетена	1	3594	200
56753	Плешивец	1	3595	193
56767	Плешинци	1	3596	147
56770	Плиска	2	3597	107
56784	Пловдив	2	3598	173
56798	Пловдивци	1	3599	191
56808	Пловка	1	3600	108
56811	Плодовитово	1	3601	32
56825	Плоска могила	1	3602	221
56839	Плоски	1	3603	198
56842	Плъзище	1	3604	146
56856	Плъстина	1	3605	159
21083	Победа	1	3606	74
56865	Победа	1	3607	76
56873	Победа	1	3608	239
56887	Побит камък	1	3609	235
56890	Побит камък	1	3610	184
59224	Побит камък	1	3611	230
56900	Побък	1	3612	238
56914	Повалиръж	1	3613	211
56928	Повет	1	3614	125
56945	Подайва	1	3615	97
56959	Подвис	1	3616	227
56962	Подвис	1	3617	213
56976	Подвръх	1	3618	71
56980	Подгоре	1	3619	139
15967	Подгорец	1	3620	192
56993	Подгорие	1	3621	113
57008	Подгорица	1	3622	241
57011	Подгумер	1	3623	217
57025	Подем	1	3624	76
57039	Подкова	1	3625	108
57042	Подкрепа	1	3626	246
57056	Подлес	1	3627	58
57062	Подрумче	1	3628	120
57073	Подслон	1	3629	221
57087	Подслон	1	3630	74
57090	Пожарево	1	3631	240
57100	Пожарево	1	3632	24
57114	Пожерник	1	3633	44
57128	Поибрене	1	3634	166
57131	Покрайна	1	3635	49
57145	Покрован	1	3636	94
57159	Покровник	1	3637	21
57162	Полена	1	3638	208
57176	Поленица	1	3639	198
57188	Полетинци	1	3640	126
57193	Полетковци	1	3641	124
57203	Полето	1	3642	208
57217	Поликраище	1	3643	61
57234	Полковник Дяково	1	3644	121
57248	Полковник Желязово	1	3645	120
68103	Полковник Иваново	1	3646	74
57251	Полковник Ламбриново	1	3647	206
59402	Полковник Минково	1	3648	74
57265	Полковник Савово	1	3649	232
57279	Полковник Свещарово	1	3650	74
57282	Полковник Серафимово	1	3651	213
57296	Полковник Таслаково	1	3652	82
57306	Полковник Чолаково	1	3653	101
57319	Полска Скакавица	1	3654	126
57323	Полски Градец	1	3655	182
57337	Полски извор	1	3656	103
57340	Полски Сеновец	1	3657	174
57354	Полски Тръмбеш	2	3658	174
57368	Полско Косово	1	3659	39
57371	Полско Пъдарево	1	3660	156
57385	Поляна	1	3661	209
57399	Поляна	1	3662	191
57409	Поляна	1	3663	223
57412	Полянец	1	3664	71
57426	Поляново	1	3665	3
57434	Поляново	1	3666	245
57443	Полянци	1	3667	98
57457	Поляците	1	3668	84
57474	Помеждин	1	3669	57
57488	Помен	1	3670	68
57491	Поморие	2	3671	175
57501	Помощица	1	3672	176
57515	Помощник	1	3673	66
57529	Понор	1	3674	114
57532	Попари	1	3675	55
57546	Попгергевци	1	3676	238
57550	Попгригорово	1	3677	74
57563	Попгруево	1	3678	232
57577	Попина	1	3679	209
57580	Попинци	1	3680	166
57594	Попица	1	3681	41
57604	Попкралево	1	3682	206
57618	Поповец	1	3683	220
87802	Попови ливади	1	3684	62
57621	Поповица	1	3685	195
57635	Попович	1	3686	40
57649	Попово	2	3687	176
57652	Попово	1	3688	27
57666	Поповци	1	3689	44
57675	Поповци	1	3690	55
57683	Поповци	1	3691	98
57697	Поповяне	1	3692	196
57707	Попрайковци	1	3693	238
57710	Попрелка	1	3694	213
57724	Попрусаново	1	3695	101
57738	Попрусевци	1	3696	85
57741	Попска	1	3697	85
57755	Попска	1	3698	204
57769	Попско	1	3699	94
57772	Пордим	2	3700	177
59416	Пороище	1	3701	184
57790	Порой	1	3702	175
57806	Поройна	1	3703	181
57813	Поройно	1	3704	82
57827	Поройно	1	3705	7
57830	Пороминово	1	3706	116
57844	Портитовци	1	3707	26
57858	Поручик Кърджиево	1	3708	121
57861	Поручик Чунчево	1	3709	99
57875	Посабина	1	3710	176
57889	Посев	1	3711	101
57892	Постник	1	3712	147
59327	Поток	1	3713	55
57916	Потока	1	3714	213
57921	Потоп	1	3715	86
57933	Поточарка	1	3716	120
57947	Поточе	1	3717	71
57950	Поточница	1	3718	120
57964	Поцърненци	1	3719	183
57981	Правда	1	3720	61
57995	Правда	1	3721	82
58003	Правдино	1	3722	223
58013	Правдолюб	1	3723	9
58027	Правенци	1	3724	157
58030	Правец	2	3725	178
58044	Правешка Лакавица	1	3726	178
58058	Правище	1	3727	229
58061	Право бърдо	1	3728	169
58075	Православ	1	3729	32
58089	Православен	1	3730	181
58092	Праужда	1	3731	18
58102	Прахали	1	3732	55
58116	Превала	1	3733	257
58129	Преколница	1	3734	126
58133	Прекръсте	1	3735	80
58147	Прелез	1	3736	89
58150	Прелом	1	3737	130
51055	Преображенци	1	3738	192
58178	Пресека	1	3739	108
58181	Преселенци	1	3740	56
58195	Преселец	1	3741	241
58205	Преселка	1	3742	157
58219	Пресиян	1	3743	241
58236	Преславен	1	3744	221
58244	Преславец	1	3745	245
58253	Преславци	1	3746	240
59344	Пресока	1	3747	93
58267	Преспа	1	3748	146
58270	Преспа	1	3749	11
58284	Престой	1	3750	238
58298	Пресяк	1	3751	241
58308	Пресяка	1	3752	130
58311	Прибой	1	3753	183
58325	Прилеп	1	3754	227
58339	Прилеп	1	3755	74
58342	Прилепци	1	3756	125
58356	Приморско	2	3757	179
58360	Приморци	1	3758	74
46930	Припек	1	3759	192
58373	Припек	1	3760	4
58387	Припек	1	3761	71
58400	Присад	1	3762	215
58414	Присад	1	3763	56
58428	Присадец	1	3764	234
58431	Приселци	1	3765	152
58445	Приселци	1	3766	1
58459	Присово	1	3767	44
58476	Присойна	1	3768	7
58485	Пристое	1	3769	104
58493	Пробуда	1	3770	241
58503	Провадия	2	3771	180
58517	Проглед	1	3772	254
59361	Прогрес	1	3773	147
58520	Продановци	1	3774	44
58548	Продановци	1	3775	196
59300	Продановци	1	3776	55
58551	Проданча	1	3777	237
58579	Пролаз	1	3778	241
58582	Пролазница	1	3779	18
58596	Пролез	1	3780	260
58606	Пролеша	1	3781	24
58616	Пролом	1	3782	105
58623	Пропаст	1	3783	125
58637	Просена	1	3784	194
58640	Просеник	1	3785	192
58654	Просечен	1	3786	226
58668	Просторно	1	3787	184
58671	Протопопинци	1	3788	259
58685	Професор Златарски	1	3789	232
58699	Професор Иширково	1	3790	206
58709	Прохлада	1	3791	82
58712	Проход	1	3792	218
58726	Прохорово	1	3793	156
58731	Пряпорец	1	3794	256
58743	Пряпорец	1	3795	221
58757	Птичар	1	3796	147
58774	Птичево	1	3797	159
58788	Пудрия	1	3798	118
58791	Пушево	1	3799	44
58801	Пчела	1	3800	87
58815	Пчелари	1	3801	220
58829	Пчеларово	1	3802	256
58832	Пчеларово	1	3803	56
58857	Пчелин	1	3804	227
58863	Пчелин	1	3805	113
58877	Пчелина	1	3806	197
58880	Пчелино	1	3807	74
58894	Пчелиново	1	3808	65
58918	Пчелище	1	3809	44
58921	Пчелник	1	3810	78
58935	Пчелник	1	3811	74
58949	Пчелно	1	3812	7
58952	Пшеничево	1	3813	221
58966	Пъдарево	1	3814	115
58972	Пъдарино	1	3815	159
58983	Пъдарско	1	3816	36
58997	Пъдарци	1	3817	125
59015	Пънчево	1	3818	218
59029	Първан	1	3819	159
59032	Първенец	1	3820	189
59046	Първенец	1	3821	223
59054	Първенци	1	3822	108
59063	Първица	1	3823	108
59077	Първомай	1	3824	169
59080	Първомай	2	3825	181
59094	Първомайци	1	3826	61
59104	Пържиграх	1	3827	238
59118	Пърличево	1	3828	20
59121	Пъровци	1	3829	44
59135	Пъртевци	1	3830	55
59152	Пърша	1	3831	81
59166	Пъстрен	1	3832	161
59170	Пъстрово	1	3833	221
59183	Пъстрогор	1	3834	201
59197	Пъстроок	1	3835	94
59207	Пътниково	1	3836	220
59210	Пясъчево	1	3837	207
61011	Рабиша	1	3838	18
61025	Рабово	1	3839	220
61039	Раброво	1	3840	25
61042	Равадиново	1	3841	215
61056	Равда	1	3842	152
61063	Равен	1	3843	147
61073	Равна	1	3844	180
61090	Равна	1	3845	257
61100	Равна	1	3846	59
61114	Равна гора	1	3847	215
61128	Равна гора	1	3848	1
61131	Равна гора	1	3849	201
61145	Равнец	1	3850	38
61159	Равнец	1	3851	56
61162	Равнил	1	3852	137
61193	Равнината	1	3853	191
61176	Равнища	1	3854	137
61189	Равнище	1	3855	178
61203	Равно	1	3856	122
61234	Равно нивище	1	3857	137
61248	Равно поле	1	3858	86
61251	Равно село	1	3859	7
61217	Равново	1	3860	91
61220	Равногор	1	3861	33
61265	Радан войвода	1	3862	52
61279	Раданово	1	3863	174
61296	Раданчето	1	3864	81
61306	Радево	1	3865	4
61310	Радево	1	3866	156
61323	Радевци	1	3867	238
61340	Радецки	1	3868	156
61354	Радибош	1	3869	183
61368	Радиево	1	3870	72
61371	Радилово	1	3871	170
61385	Радинград	1	3872	184
61409	Радино	1	3873	238
61412	Радиново	1	3874	141
61426	Радишево	1	3875	172
61443	Радко Димитриево	1	3876	261
61435	Радковци	1	3877	44
61457	Радловци	1	3878	126
61460	Раднево	2	3879	182
61488	Радовене	1	3880	190
61491	Радовец	1	3881	234
61501	Радово	1	3882	237
61515	Радовци	1	3883	85
61529	Радовци	1	3884	81
61546	Радоевци	1	3885	238
61563	Радойново	1	3886	218
61577	Радомир	2	3887	183
61580	Радомирци	1	3888	255
61594	Радотина	1	3889	31
61604	Радуил	1	3890	196
61618	Радуй	1	3891	167
61621	Радуловци	1	3892	211
61635	Радунци	1	3893	149
69523	Радювене	1	3894	130
61649	Раевци	1	3895	238
63536	Раждавица	1	3896	126
61652	Разбоище	1	3897	59
61666	Разбойна	1	3898	192
61676	Разбойна	1	3899	241
61697	Развигорово	1	3900	248
61707	Разград	1	3901	51
61710	Разград	2	3902	184
61724	Раздел	1	3903	82
61738	Раздел	1	3904	87
61741	Разделна	1	3905	19
61755	Разделна	1	3906	66
61769	Разделци	1	3907	7
61772	Раздол	1	3908	225
61807	Разлив	1	3909	178
61813	Разлог	2	3910	185
61830	Разсоха	1	3911	91
61844	Райкова могила	1	3912	201
61861	Райковци	1	3913	44
61875	Райнино	1	3914	97
61889	Райново	1	3915	72
61892	Райновци	1	3916	85
61902	Райновци	1	3917	55
61916	Райнушковци	1	3918	238
61922	Райово	1	3919	196
61933	Ракево	1	3920	118
61947	Ракиловци	1	3921	110
61964	Ракита	1	3923	211
61978	Ракитна	1	3924	208
61995	Ракитница	1	3925	221
63700	Ракитница	1	3926	34
62004	Ракитово	2	3927	186
62013	Раклиново	1	3928	3
62027	Раклица	1	3929	106
62044	Раковица	1	3930	139
62058	Раково	1	3931	150
62061	Раково	1	3932	210
62075	Раковски	2	3933	187
62089	Раковски	1	3934	184
62092	Раковски	1	3935	99
62102	Раковсково	1	3936	152
62116	Ралево	1	3937	172
62120	Ралевци	1	3938	238
62133	Ралиновци	1	3939	85
62147	Ралица	1	3940	147
62164	Ралица	1	3941	241
62178	Раличево	1	3942	120
62181	Раненци	1	3943	126
62195	Рани лист	1	3944	125
62205	Рани луг	1	3945	237
62219	Расник	1	3946	167
62222	Расово	1	3947	142
62236	Растник	1	3948	108
62245	Раховци	1	3949	55
62253	Рачевци	1	3950	55
62267	Рачовци	1	3951	238
62270	Рашевци	1	3952	44
62284	Рашка Гращица	1	3953	150
62298	Рашково	1	3954	31
62308	Рашовите	1	3955	238
62311	Рашовица	1	3956	20
62325	Раювци	1	3957	85
62339	Раяновци	1	3958	18
62342	Раяновци	1	3959	80
62356	Раянци	1	3960	90
62360	Ребревци	1	3961	85
62373	Ребро	1	3962	35
62387	Реброво	1	3963	203
62390	Ребърково	1	3964	143
62400	Редешковци	1	3965	55
62414	Редина	1	3966	203
17796	Режанци	1	3967	35
62428	Режинци	1	3968	126
62431	Резач	1	3969	91
62445	Резбарци	1	3970	125
62459	Резово	1	3971	250
62462	Река	1	3972	213
62476	Рекичка	1	3973	91
62486	Рельово	1	3974	196
62493	Репляна	1	3975	259
62503	Реселец	1	3976	255
62517	Ресен	1	3977	44
62520	Ресилово	1	3978	199
62534	Речани	1	3979	213
62548	Речица	1	3980	192
62565	Реяновци	1	3981	237
62579	Рибарица	1	3982	233
62582	Рибарица	1	3983	88
54260	Рибарци	1	3984	9
62596	Рибен	1	3985	76
62606	Рибен дол	1	3986	12
62617	Рибино	1	3987	120
62623	Рибник	1	3988	169
62637	Рибница	1	3989	191
62640	Рибново	1	3990	67
62654	Ридино	1	3991	71
62668	Ридово	1	3992	125
62671	Рила	2	3993	188
62685	Рилски манастир	3	3994	188
62699	Рилци	1	3995	21
62712	Рисиманово	1	3996	182
62726	Ритя	1	3997	81
62732	Риш	1	3998	214
62757	Робово	1	3999	239
62760	Ровина	1	4000	213
62774	Рогач	1	4001	120
62788	Рогачево	1	4002	11
62791	Роглец	1	4003	193
62801	Рогозари	1	4004	71
62815	Рогозен	1	4005	244
62829	Рогозина	1	4006	56
62832	Рогозиново	1	4007	245
62846	Рогозче	1	4008	71
62858	Рогош	1	4009	141
62877	Родина	1	4010	91
62880	Родопи	1	4011	246
62894	Родопско	1	4012	9
62904	Рожден	1	4013	192
63714	Рожденско	1	4014	71
62918	Рожен	1	4015	198
62921	Роза	1	4016	239
62935	Розино	1	4017	94
62949	Розино	1	4018	105
62966	Розовец	1	4019	36
62973	Розово	1	4020	33
62983	Розово	1	4021	100
62997	Роман	2	4022	190
63001	Ропот	1	4023	59
63029	Росен	1	4024	215
63032	Росен	1	4025	165
63046	Росен	1	4026	56
63055	Росеново	1	4027	218
63063	Росеново	1	4028	74
63077	Росина	1	4029	241
63080	Росица	1	4030	164
63094	Росица	1	4031	56
63104	Росица	1	4032	159
63118	Росно	1	4033	91
63121	Росоман	1	4034	24
63687	Рохлева	1	4035	45
63135	Рояк	1	4036	84
63152	Рударци	1	4037	167
63166	Рудина	1	4038	192
63170	Рудина	1	4039	125
63197	Рудник	1	4040	78
63207	Рудозем	2	4041	191
63210	Руевци	1	4042	238
63224	Руен	1	4043	192
63238	Руен	1	4044	123
63241	Руец	1	4045	241
63255	Ружинци	1	4046	193
63269	Ружица	1	4047	153
63272	Ружица	1	4048	27
63286	Руйно	1	4049	82
63296	Руйчовци	1	4050	55
63301	Руманя	1	4051	221
63313	Румелия	1	4052	138
63327	Румянцево	1	4053	133
63330	Руня	1	4054	81
49312	Рупите	1	4055	169
63344	Рупките	1	4056	258
63358	Рупци	1	4057	49
63361	Рупци	1	4058	255
63375	Рупча	1	4059	192
63392	Русалина	1	4060	256
63402	Русалско	1	4061	9
63416	Русаля	1	4062	44
63427	Русе	2	4063	194
63447	Русиновци	1	4064	81
63450	Руска Бела	1	4065	143
63464	Русковци	1	4066	44
63478	Русокастро	1	4067	103
63481	Рустан	1	4068	137
63495	Руховци	1	4069	85
63505	Ручей	1	4070	120
63519	Ръжавец	1	4071	35
63522	Ръжана	1	4072	98
63542	Ръждак	1	4073	169
63553	Ръжево	1	4074	102
63567	Ръжево Конаре	1	4075	102
63570	Ръжена	1	4076	100
63584	Ръженово	1	4077	138
63598	Ръжица	1	4078	192
63608	Ръсово	1	4079	126
63611	Рът	1	4080	71
63639	Рътлина	1	4081	159
63690	Рязковци	1	4082	55
63668	Ряхово	1	4083	212
63673	Ряховците	1	4084	204
65019	Сава	1	4085	84
65022	Савин	1	4086	122
65036	Савино	1	4087	239
65047	Савойски	1	4088	126
65067	Садина	1	4089	176
65070	Садовец	1	4090	77
65084	Садовик	1	4091	35
65098	Садовица	1	4092	147
65108	Садово	1	4093	243
65111	Садово	1	4094	227
65125	Садово	1	4095	1
65139	Садово	2	4096	195
65142	Сажденик	1	4097	126
65156	Сакарци	1	4098	234
65162	Саласука	1	4099	81
65173	Салаш	1	4100	18
65187	Салманово	1	4101	261
65190	Самовила	1	4102	120
65200	Самоводене	1	4103	44
65214	Самодива	1	4104	108
65228	Самокитка	1	4105	108
65231	Самоков	2	4106	196
65245	Самораново	1	4107	83
65259	Самотино	1	4108	40
65262	Самсиите	1	4109	44
65276	Самуил	1	4110	197
65288	Самуилова крепост	1	4111	169
374	Самуилово	1	4112	74
65293	Самуилово	1	4113	169
65303	Самуилово	1	4114	210
65317	Самуилово	1	4115	221
65320	Санадиново	1	4116	155
65334	Сандански	2	4117	198
65348	Сандрово	1	4118	194
65351	Сан-Стефано	1	4119	106
65365	Сапарева баня	2	4120	199
65379	Сапарево	1	4121	199
65396	Сараево	1	4122	144
65406	Саранско	1	4123	223
65419	Саранци	1	4124	60
65437	Сарая	1	4125	165
65440	Сатовча	1	4126	200
65454	Сбор	1	4127	120
65468	Сбор	1	4128	165
65485	Сборино	1	4129	94
65499	Сборище	1	4130	231
65509	Сваленик	1	4131	95
65512	Сватбаре	1	4132	125
65526	Свежен	1	4133	36
65534	Света Петка	1	4134	45
11538	Свети Влас	2	4135	152
87825	Свети Константин	1	4136	170
65543	Свети Никола	1	4137	99
87816	Свети Спас	1	4138	2
35016	Светлен	1	4139	108
65557	Светлен	1	4140	176
65560	Светлина	1	4141	218
65574	Светлина	1	4142	72
65588	Светлина	1	4143	234
65591	Светля	1	4144	110
65601	Световрачене	1	4145	217
65615	Светослав	1	4146	101
65629	Светослав	1	4147	220
65632	Светославци	1	4148	85
65646	Светулка	1	4149	9
65650	Свещари	1	4150	97
65663	Свидня	1	4151	203
65677	Свиленград	2	4152	201
65680	Свинарски дол	1	4153	55
65704	Свирачи	1	4154	94
65721	Свирково	1	4155	207
65735	Свирци	1	4156	238
65752	Свирчово	1	4157	7
65766	Свищов	2	4158	202
65783	Свобода	1	4159	103
65797	Свобода	1	4160	147
65807	Свобода	1	4161	224
65810	Свобода	1	4162	258
65824	Свобода	1	4163	74
65838	Свободен	1	4164	182
65841	Свободиново	1	4165	256
65855	Свободица	1	4166	7
65869	Своге	2	4167	203
65872	Своде	1	4168	178
65886	Севар	1	4169	122
65890	Севдалина	1	4170	125
65906	Северняк	1	4171	121
65913	Северци	1	4172	121
65927	Севлиево	2	4173	204
65930	Седелец	1	4174	225
65944	Седефче	1	4175	147
65958	Седларево	1	4176	115
65961	Седлари	1	4177	147
70771	Седларци	1	4178	9
65975	Седловина	1	4179	125
65989	Седянковци	1	4180	55
65992	Сейдол	1	4181	131
66007	Сейковци	1	4182	55
66010	Сеймените	1	4183	44
66024	Секирка	1	4184	108
66038	Секулово	1	4185	82
70723	Селановци	1	4186	162
66041	Селиминово	1	4187	210
66055	Селище	1	4188	21
66069	Селище	1	4189	213
70799	Селище	1	4190	204
66072	Селищен дол	1	4191	167
66086	Селска поляна	1	4192	138
66103	Селце	1	4193	149
66113	Селце	1	4194	99
66127	Селци	1	4195	195
66130	Селча	1	4196	69
66144	Селянин	1	4197	98
66158	Семерджиево	1	4198	194
66161	Семерджиите	1	4199	55
66175	Семерци	1	4200	7
66189	Семковци	1	4201	44
66202	Семчиново	1	4202	205
66216	Сенник	1	4203	204
66229	Сеново	2	4204	47
66233	Сеноклас	1	4205	138
66247	Сенокос	1	4206	208
66250	Сенокос	1	4207	11
70785	Сенце	1	4208	147
66264	Септември	2	4209	205
16184	Септемврийци	1	4210	51
66278	Септемврийци	1	4211	73
66281	Септемврийци	1	4212	99
66295	Сеслав	1	4213	122
66319	Сестримо	1	4214	17
66336	Сестринско	1	4215	125
66344	Сечен камък	1	4216	238
66353	Сечище	1	4217	157
66398	Сив кладенец	1	4218	94
66370	Сива река	1	4219	201
66384	Сивино	1	4220	213
66408	Сигмен	1	4221	106
66411	Силен	1	4222	220
66425	Силистра	2	4223	206
47278	Симеоновград	2	4224	207
66439	Симеоновец	1	4225	205
66456	Симеоново	1	4226	239
66460	Симитли	2	4227	208
66473	Синаговци	1	4228	49
66487	Синапово	1	4229	234
66490	Синдел	1	4230	1
66500	Синделци	1	4231	147
66528	Синеморец	1	4232	250
66531	Сини вир	1	4233	104
70737	Сини връх	1	4234	10
80296	Сини рид	1	4235	192
66545	Синигер	1	4236	120
66559	Синитово	1	4237	165
66562	Синчец	1	4238	9
66576	Синьо бърдо	1	4239	190
66585	Синьо камене	1	4240	218
66593	Синя вода	1	4241	131
66603	Сипей	1	4242	125
70809	Сипец	1	4243	71
66617	Сираково	1	4244	29
66620	Сираково	1	4245	56
66634	Сираково	1	4246	145
66648	Сирищник	1	4247	110
66651	Ситово	1	4248	189
66665	Ситово	1	4249	209
66679	Ситово	1	4250	27
66682	Скала	1	4251	227
66696	Скала	1	4252	82
66706	Скалак	1	4253	192
66716	Скалак	1	4254	120
66723	Скалина	1	4255	71
66737	Скалица	1	4256	239
66740	Скалище	1	4257	125
66754	Скална глава	1	4258	125
66768	Скалско	1	4259	81
66771	Скандалото	1	4260	8
66785	Склаве	1	4261	198
66799	Скобелево	1	4262	130
66809	Скобелево	1	4263	189
66812	Скобелево	1	4264	210
66826	Скобелево	1	4265	163
66831	Скобелево	1	4266	72
66843	Скомля	1	4267	73
66857	Скорците	1	4268	238
66860	Скравена	1	4269	31
66874	Скребатно	1	4270	67
66888	Скрино	1	4271	23
66891	Скриняно	1	4272	126
66901	Скрът	1	4273	169
66915	Скутаре	1	4274	141
66929	Скърбино	1	4275	125
66932	Славеево	1	4276	94
66946	Славеево	1	4277	74
66963	Славейково	1	4278	180
66977	Славейково	1	4279	81
66980	Славейково	1	4280	87
66957	Славейно	1	4281	213
67009	Славовица	1	4282	205
67012	Славовица	1	4283	76
67043	Славотин	1	4284	148
67057	Славщица	1	4285	242
67060	Славяни	1	4286	130
67074	Славянин	1	4287	32
67088	Славяново	2	4288	172
67091	Славяново	1	4289	176
67101	Славяново	1	4290	245
67115	Славянци	1	4291	227
67129	Сладка вода	1	4292	84
67132	Сладкодум	1	4293	120
67146	Сладун	1	4294	201
67154	Сладък кладенец	1	4295	221
67163	Слаковци	1	4296	35
67177	Сламино	1	4297	239
67180	Слана бара	1	4298	49
67194	Сланотрън	1	4299	49
67218	Слатина	1	4300	130
67221	Слатина	1	4301	20
67235	Слатина	1	4302	105
67249	Слатина	1	4303	209
67252	Слатино	1	4304	23
67266	Слатино	1	4305	110
67270	Слащен	1	4306	200
67283	Сливак	1	4307	248
67297	Сливарка	1	4308	120
67307	Сливарово	1	4309	140
67310	Сливата	1	4310	132
67324	Сливек	1	4311	130
67338	Сливен	2	4312	210
70812	Сливенци	1	4313	74
67341	Сливито	1	4314	149
67355	Сливка	1	4315	12
67369	Сливница	1	4316	117
67372	Сливница	2	4317	211
67444	Сливо поле	2	4318	212
67386	Сливовик	1	4319	142
67395	Сливовица	1	4320	91
67400	Сливовник	1	4321	18
67413	Сливово	1	4322	218
67427	Сливово	1	4323	238
67430	Сливово	1	4324	213
67458	Слишовци	1	4325	237
67461	Слокощица	1	4326	126
67475	Сломер	1	4327	164
67489	Слънчево	1	4328	4
67492	Слънчовец	1	4329	7
67502	Слънчоглед	1	4330	71
67516	Смилец	1	4331	224
67526	Смилец	1	4332	206
67533	Смиловци	1	4333	55
67547	Смилян	1	4334	213
67550	Смин	1	4335	260
67564	Смирненски	1	4336	37
67578	Смирненски	1	4337	47
67581	Смирненци	1	4338	245
67595	Смиров дол	1	4339	90
32603	Смолево	1	4340	264
67619	Смоличано	1	4341	150
72080	Смолник	1	4342	106
67622	Смолница	1	4343	74
67636	Смолско	1	4344	146
67641	Смолча	1	4345	59
67653	Смолян	2	4346	213
67667	Смоляновци	1	4347	148
67670	Смочан	1	4348	130
67698	Смочево	1	4349	188
67708	Смядово	2	4350	214
67725	Снежа	1	4351	192
67739	Снежина	1	4352	180
67742	Снежинка	1	4353	125
67756	Сноп	1	4354	56
67767	Снягово	1	4355	192
67773	Снягово	1	4356	56
67787	Совата	1	4357	202
67790	Соволяно	1	4358	126
67800	Созопол	2	4359	215
67828	Сокол	1	4360	58
67831	Сокол	1	4361	156
67845	Соколаре	1	4362	41
67859	Соколарци	1	4363	115
67862	Соколенци	1	4364	94
67876	Соколец	1	4365	192
67882	Соколино	1	4366	147
67893	Соколите	1	4367	256
67903	Соколица	1	4368	105
67917	Соколник	1	4369	74
67920	Соколово	1	4370	106
67934	Соколово	1	4371	81
67948	Соколово	1	4372	130
67951	Соколово	1	4373	11
67965	Соколовци	1	4374	213
67979	Соколско	1	4375	125
67982	Соколяне	1	4376	125
67996	Солари	1	4377	55
68000	Солища	1	4378	213
68014	Солище	1	4379	125
68028	Солник	1	4380	78
68045	Сомовит	1	4381	64
68059	Сопица	1	4382	35
68062	Сопово	1	4383	23
68076	Сопот	1	4384	242
68080	Сопот	2	4385	216
68093	Сопотот	1	4386	191
68117	Сотиря	1	4387	210
68120	Софийци	1	4388	71
68134	София	2	4389	217
68148	Софрониево	1	4390	144
68165	Спанци	1	4391	55
68179	Спанчевци	1	4392	54
68182	Спасово	1	4393	258
68196	Спасово	1	4394	56
68210	Спасовци	1	4395	55
68223	Спатово	1	4396	198
68237	Спахиево	1	4397	145
68240	Сполука	1	4398	9
68254	Срацимир	1	4399	206
68268	Срацимирово	1	4400	63
68271	Сребриново	1	4401	166
68299	Сребърна	1	4402	206
17974	Средец	2	4403	218
68309	Средец	1	4404	151
68312	Средец	1	4405	161
68326	Средина	1	4406	56
68336	Срединка	1	4407	125
68357	Средище	1	4408	101
68388	Средковец	1	4409	104
68401	Средна махала	1	4410	192
68415	Среднево	1	4411	256
68429	Средни колиби	1	4412	85
68432	Средни рът	1	4413	190
68463	Средно градище	1	4414	258
68480	Средно село	1	4415	48
68494	Средно село	1	4416	91
68446	Средногорово	1	4417	100
68451	Средногорци	1	4418	137
68504	Средня	1	4419	261
68518	Средогрив	1	4420	259
68521	Средок	1	4421	213
68535	Средорек	1	4422	235
68549	Средорек	1	4423	210
68552	Средоселци	1	4424	97
68566	Средска	1	4425	256
68577	Средско	1	4426	108
68583	Срем	1	4427	234
68597	Срънско	1	4428	9
68607	Ставерци	1	4429	76
68610	Стаевци	1	4430	260
68624	Стайновци	1	4431	238
68638	Стайчин дол	1	4432	137
68641	Стайчовци	1	4433	237
68655	Стакевци	1	4434	18
68669	Сталево	1	4435	72
68672	Сталийска махала	1	4436	132
51980	Стамболийски	2	4437	219
68692	Стамболийски	1	4438	246
4830	Стамболово	1	4439	98
68708	Стамболово	1	4440	164
68713	Стамболово	1	4441	212
68727	Стамболово	1	4442	220
68744	Стан	1	4443	157
68758	Станево	1	4444	132
68761	Станец	1	4445	159
68775	Станинци	1	4446	59
68802	Становец	1	4447	248
68816	Станча	1	4448	81
68823	Станчов хан	1	4449	238
68833	Станьовци	1	4450	35
68847	Станянци	1	4451	53
69122	Стар читак	1	4452	9
68850	Стара Загора	2	4453	221
39699	Стара Кресна	1	4454	117
68864	Стара река	1	4455	210
68878	Стара река	1	4456	239
68881	Стара речка	1	4457	7
68895	Старейшино	1	4458	108
68936	Стари чал	1	4459	120
68919	Старилковци	1	4460	55
68967	Старо Железаре	1	4461	247
68984	Старо място	1	4462	125
68998	Старо Оряхово	1	4463	78
69047	Старо селище	1	4464	97
69050	Старо село	1	4465	143
69064	Старо село	1	4466	183
69078	Старо село	1	4467	240
69081	Старо село	1	4468	210
70500	Старо село	1	4469	236
68953	Старово	1	4470	108
72709	Тополи	1	4687	42
68970	Старозагорски бани	1	4471	221
69002	Старопатица	1	4472	124
69016	Старосел	1	4473	247
69020	Староселец	1	4474	180
69095	Староселци	1	4475	96
69105	Старцево	1	4476	93
69119	Старчево	1	4477	169
69136	Старчище	1	4478	7
69146	Стеврек	1	4479	7
69153	Стежерово	1	4480	127
69167	Стенско	1	4481	126
69170	Стефан Караджа	1	4482	52
69184	Стефан Караджа	1	4483	58
69198	Стефан Караджа	1	4484	74
69208	Стефан Караджово	1	4485	27
17467	Стефан Стамболово	1	4486	174
69211	Стефаново	1	4487	55
69225	Стефаново	1	4488	130
69239	Стефаново	1	4489	183
69242	Стефаново	1	4490	74
69256	Стикъл	1	4491	213
69261	Стоб	1	4492	116
69273	Стоево	1	4493	10
69287	Стоевци	1	4494	55
69290	Стожа	1	4495	198
69300	Стожер	1	4496	74
69314	Стоил войвода	1	4497	156
69328	Стоилово	1	4498	140
69345	Стойките	1	4499	213
69359	Стойково	1	4500	246
70768	Стойковци	1	4501	55
69376	Стойново	1	4502	7
69393	Стойчевци	1	4503	85
69403	Стойчовци	1	4504	55
69417	Стоките	1	4505	204
69420	Столетово	1	4506	105
69434	Столетово	1	4507	161
69448	Столник	1	4508	86
69451	Столът	1	4509	204
69465	Стоманево	1	4510	69
69479	Стоманеците	1	4511	55
69482	Стоманци	1	4512	108
69506	Стоян Михайловски	1	4513	157
69496	Стоян-Заимово	1	4514	258
69518	Стояново	1	4515	9
69537	Стояново	1	4516	54
69540	Стояновци	1	4517	85
69554	Стояновци	1	4518	190
69571	Страдалово	1	4519	150
69585	Стража	1	4520	213
69599	Стража	1	4521	241
69609	Стражата	1	4522	238
69612	Стражевци	1	4523	125
70860	Стражец	1	4524	184
81743	Стражец	1	4525	120
69633	Стражица	2	4526	222
69643	Стражица	1	4527	11
69657	Стражница	1	4528	256
69660	Стралджа	2	4529	223
69674	Странджа	1	4530	27
69688	Странджево	1	4531	120
69691	Странско	1	4532	72
69701	Страхил	1	4533	52
69715	Страхил войвода	1	4534	125
69729	Страхилица	1	4535	46
69732	Страхилово	1	4536	174
69746	Страцин	1	4537	175
69759	Страшимир	1	4538	93
69763	Страшимирово	1	4539	19
69777	Стрезимировци	1	4540	237
69780	Стрелец	1	4541	61
69794	Стрелец	1	4542	221
69804	Стрелково	1	4543	101
69818	Стрелци	1	4544	36
69821	Стрелци	1	4545	115
69835	Стрелча	2	4546	224
69849	Стремово	1	4547	125
69852	Стремци	1	4548	125
69866	Стрижба	1	4549	108
69874	Строево	1	4550	141
69883	Стройно	1	4551	87
69897	Стройновци	1	4552	7
69910	Струиндол	1	4553	18
69924	Струино	1	4554	261
69938	Струма	1	4555	198
69941	Струмешница	1	4556	169
69969	Струмяни	1	4557	225
69972	Струпец	1	4558	190
69986	Струпец	1	4559	210
69990	Струя	1	4560	192
70007	Стръмци	1	4561	238
70010	Стряма	1	4562	187
70024	Стубел	1	4563	148
70086	Студен извор	1	4564	237
70104	Студен кладенец	1	4565	120
70038	Студена	1	4566	167
70041	Студена	1	4567	137
70055	Студена	1	4568	201
70069	Студенец	1	4569	131
70072	Студенец	1	4570	254
70099	Студеница	1	4571	248
70113	Студено буче	1	4572	148
70127	Стъргел	1	4573	60
70130	Стърмен	1	4574	39
70158	Стърница	1	4575	12
70175	Суворово	2	4576	226
70189	Сугарево	1	4577	198
70202	Сулица	1	4578	221
70216	Султани	1	4579	85
70233	Сумер	1	4580	148
70247	Сунгурларе	2	4581	227
70250	Сусам	1	4582	145
70264	Суха река	1	4583	44
70278	Суха река	1	4584	43
70281	Сухаче	1	4585	255
70295	Сухиндол	2	4586	228
70319	Сухово	1	4587	9
70322	Суходол	1	4588	218
70336	Суходол	1	4589	58
70353	Сухозем	1	4590	102
70367	Сухолоевци	1	4591	81
70370	Сухострел	1	4592	208
70384	Сушево	1	4593	89
70398	Сушина	1	4594	53
35105	Сушица	1	4595	208
70408	Сушица	1	4596	222
70411	Сушица	1	4597	235
70439	Събковци	1	4598	85
70442	Съботковци	1	4599	55
70456	Събрано	1	4600	156
70473	Съдиево	1	4601	3
70487	Съдиево	1	4602	156
70490	Съдийско поле	1	4603	156
70514	Съединение	1	4604	227
70528	Съединение	2	4605	229
70531	Съединение	1	4606	32
70545	Съединение	1	4607	241
70559	Сърнак	1	4608	120
70562	Сърневец	1	4609	32
70576	Сърнево	1	4610	106
70586	Сърнево	1	4611	182
70593	Сърнегор	1	4612	36
70603	Сърненци	1	4613	44
70617	Сърнец	1	4614	232
70620	Сърнино	1	4615	213
70634	Сърнино	1	4616	56
70648	Сърница	2	4617	230
70651	Сърница	1	4618	145
70665	Сърпово	1	4619	206
70679	Сърцево	1	4620	231
70682	Сяново	1	4621	240
70696	Сяровци	1	4622	81
70706	Сярци	1	4623	147
72014	Табан	1	4624	80
72028	Табачка	1	4625	95
72031	Табашка	1	4626	204
72045	Таваличево	1	4627	126
72062	Таймище	1	4628	7
72076	Тамарино	1	4629	223
72093	Татарево	1	4630	181
72103	Татарево	1	4631	145
72117	Татари	1	4632	15
72120	Татково	1	4633	125
72134	Татул	1	4634	147
72148	Твърдинци	1	4635	241
72151	Твърдица	1	4636	38
72165	Твърдица	2	4637	231
72179	Твърдица	1	4638	260
72182	Текето	1	4639	246
72196	Телериг	1	4640	121
72206	Телиш	1	4641	255
72211	Телчарка	1	4642	71
47809	Теменуга	1	4643	9
72237	Теменуга	1	4644	222
72240	Тенево	1	4645	239
72254	Тепава	1	4646	130
72268	Теплен	1	4647	243
72271	Тервел	2	4648	232
72285	Тервел	1	4649	248
72312	Терзиите	1	4650	44
72299	Терзийско	1	4651	227
72309	Терзийско	1	4652	236
72337	Тертер	1	4653	122
72343	Тетевен	2	4654	233
72357	Тетово	1	4655	194
72360	Тешел	1	4656	69
72374	Тешово	1	4657	243
72391	Тикале	1	4658	213
72401	Тимарево	1	4659	248
72429	Тинтява	1	4660	120
72432	Типченица	1	4661	143
72446	Титевци	1	4662	85
72452	Тиховец	1	4663	7
72463	Тихомир	1	4664	108
72477	Тихомирово	1	4665	182
72480	Тича	1	4666	115
72494	Тишаново	1	4667	150
72504	Тишевица	1	4668	50
72518	Тияновци	1	4669	34
72521	Тлачене	1	4670	41
72549	Тодор Икономово	1	4671	104
72535	Тодореците	1	4672	238
72552	Тодоричене	1	4673	133
72566	Тодорово	1	4674	172
72578	Тодорово	1	4675	97
72583	Тодоровци	1	4676	44
72597	Тодоровци	1	4677	55
81637	Тодорчета	1	4678	55
72607	Тодювци	1	4679	85
72610	Токачка	1	4680	120
72638	Толовица	1	4681	139
72641	Томбето	1	4682	85
72655	Томпсън	1	4683	203
72669	Томчевци	1	4684	238
72672	Тонско дабе	1	4685	169
72693	Топола	1	4686	99
72713	Тополи дол	1	4688	165
72727	Тополица	1	4689	3
72730	Тополка	1	4690	120
72744	Тополница	1	4691	169
72758	Тополница	1	4692	83
72761	Тополовград	2	4693	234
72775	Тополовец	1	4694	124
73924	Тополовец	1	4695	193
72789	Тополово	1	4696	10
72792	Тополово	1	4697	138
72802	Тополчане	1	4698	125
72816	Тополчане	1	4699	210
72824	Тополяне	1	4700	182
72833	Топузево	1	4701	115
72847	Топузи	1	4702	85
72850	Топчии	1	4703	184
72864	Топчийско	1	4704	192
72878	Торбалъжите	1	4705	55
43058	Торос	1	4706	133
72881	Тотлебен	1	4707	177
72895	Точилари	1	4708	122
72919	Тошевци	1	4709	63
72922	Траве	1	4710	12
72936	Травник	1	4711	99
72940	Трайково	1	4712	132
72953	Тракиец	1	4713	246
72967	Тракийци	1	4714	218
72970	Тракия	1	4715	161
72998	Трапесковци	1	4716	55
73002	Трапище	1	4717	131
73016	Трапоклово	1	4718	210
73033	Требище	1	4719	213
73047	Трекляно	1	4720	235
73050	Трем	1	4721	248
73078	Трескавец	1	4722	7
73119	Три кладенци	1	4723	50
73136	Три могили	1	4724	125
73147	Три могили	1	4725	10
73081	Триводици	1	4726	219
73095	Тригорци	1	4727	11
73105	Триград	1	4728	69
73122	Трилистник	1	4729	141
73167	Трифоново	1	4730	148
73170	Троица	1	4731	43
73184	Тросково	1	4732	208
73198	Троян	2	4733	236
73208	Троян	1	4734	207
73211	Трояново	1	4735	103
73225	Трояново	1	4736	182
73242	Труд	1	4737	141
73256	Трудовец	1	4738	31
73262	Тръбач	1	4739	131
73273	Трън	2	4740	237
73287	Трънак	1	4741	192
73290	Трънито	1	4742	55
73300	Тръница	1	4743	157
73314	Трънково	1	4744	182
73328	Трънково	1	4745	87
73331	Трънковци	1	4746	85
73345	Трънчовица	1	4747	127
73359	Тръстеник	2	4748	76
73362	Тръстеник	1	4749	95
73376	Тръстика	1	4750	176
73388	Тръстиково	1	4751	103
73393	Тръстиково	1	4752	1
73403	Трявна	2	4753	238
73417	Туден	1	4754	59
73420	Тулово	1	4755	149
73434	Тумбалово	1	4756	204
73448	Тумбевци	1	4757	85
73451	Турия	1	4758	163
73465	Туркинча	1	4759	81
73479	Туроковци	1	4760	237
73482	Турян	1	4761	213
73496	Тутракан	2	4762	240
73506	Тутраканци	1	4763	180
73519	Туховища	1	4764	200
73523	Тученица	1	4765	172
73537	Тушовица	1	4766	53
73540	Тъжа	1	4767	163
73554	Тъкач	1	4768	104
73883	Тънка бара	1	4769	151
73568	Тънки рът	1	4770	85
73571	Тънково	1	4771	152
73585	Тънково	1	4772	220
73599	Тънкото	1	4773	137
73609	Тъпчилещово	1	4774	159
73612	Търговище	1	4775	259
73626	Търговище	2	4776	241
73634	Търкашени	1	4777	85
73897	Търна	1	4778	9
73643	Търнава	1	4779	41
73657	Търнава	1	4780	239
73660	Търнак	1	4781	41
73674	Търнене	1	4782	172
73688	Търничени	1	4783	163
73691	Търновлаг	1	4784	126
73701	Търновца	1	4785	241
73715	Търновци	1	4786	71
73729	Търновци	1	4787	240
73732	Търносливка	1	4788	9
73746	Търняне	1	4789	49
73750	Търсино	1	4790	126
73763	Търхово	1	4791	204
73777	Търън	1	4792	213
73780	Тюленово	1	4793	260
73794	Тюркмен	1	4794	36
73804	Тютюнче	1	4795	71
73818	Тянево	1	4796	74
73821	Тянево	1	4797	207
75013	Угледно	1	4798	159
75023	Углярци	1	4799	183
75037	Угорелец	1	4800	204
75040	Угорялковци	1	4801	85
75054	Угърчин	2	4802	242
75068	Узово	1	4803	56
75085	Узунджово	1	4804	246
75099	Узуните	1	4805	55
75254	Узуново	1	4806	10
75112	Умаревци	1	4807	130
75139	Урвата	1	4808	238
75143	Уровене	1	4809	118
75157	Уручевци	1	4810	137
75174	Усойка	1	4811	23
75188	Устина	1	4812	189
75191	Устрем	1	4813	234
75201	Устрен	1	4814	71
75215	Ухловица	1	4815	213
75229	Ушевци	1	4816	44
75232	Уши	1	4817	235
75246	Ушинци	1	4818	184
76025	Фазаново	1	4819	250
76039	Факия	1	4820	218
76042	Фатово	1	4821	213
76064	Фелдфебел Денково	1	4822	74
76073	Филаретово	1	4823	115
76090	Филипово	1	4824	13
76100	Филипово	1	4825	234
76114	Филиповци	1	4826	237
76145	Флорентин	1	4827	158
76159	Фотиново	1	4828	108
76162	Фотиново	1	4829	14
76180	Фролош	1	4830	116
76193	Фурен	1	4831	118
76203	Фъргово	1	4832	200
76217	Фърговци	1	4833	55
76220	Фъревци	1	4834	238
76234	Фъртуни	1	4835	238
77044	Хаджи Димитър	1	4836	99
77013	Хаджидимитрово	1	4837	202
77027	Хаджидимитрово	1	4838	100
77030	Хаджидимитрово	1	4839	239
77058	Хаджидимово	2	4840	243
77061	Хаджиево	1	4841	165
77089	Хаджиите	1	4842	106
77092	Хаджийско	1	4843	108
77102	Хайредин	1	4844	244
77120	Халваджийско	1	4845	7
68730	Хан Аспарухово	1	4846	221
78210	Хан Крум	1	4847	43
77150	Ханово	1	4848	239
77164	Харачерите	1	4849	55
77178	Харваловци	1	4850	85
77181	Харманли	2	4851	245
77195	Хасково	2	4852	246
77205	Хасовица	1	4853	213
77219	Хвойна	1	4854	254
77222	Хвостяне	1	4855	67
77236	Хвърчил	1	4856	146
77246	Хераково	1	4857	24
77253	Хирево	1	4858	204
77267	Хисар	1	4859	120
77270	Хисаря	2	4860	247
77284	Хитово	1	4861	74
14516	Хитрино	1	4862	248
77311	Хлевене	1	4863	130
77325	Хлябово	1	4864	234
77339	Ходжовци	1	4865	125
77342	Хотанца	1	4866	194
77356	Хотница	1	4867	44
77361	Хотово	1	4868	198
77373	Храбрино	1	4869	189
77387	Храброво	1	4870	180
77390	Храброво	1	4871	11
77400	Храбърско	1	4872	24
77414	Храсна	1	4873	198
77428	Храстово	1	4874	120
77431	Християново	1	4875	221
77462	Христо Даново	1	4876	105
77445	Христовци	1	4877	85
77459	Христовци	1	4878	238
77476	Хрищени	1	4879	221
77487	Хромица	1	4880	9
77493	Хубавене	1	4881	190
77517	Хума	1	4882	197
77520	Хухла	1	4883	94
77534	Хъневци	1	4884	85
77548	Хърлец	1	4885	111
77565	Хърсово	1	4886	198
77579	Хърсово	1	4887	197
77582	Хърсово	1	4888	153
78015	Цаконица	1	4889	143
78029	Цалапица	1	4890	189
78032	Цани Гинчево	1	4891	153
78046	Цапарево	1	4892	225
78056	Цар Асен	1	4893	165
78063	Цар Асен	1	4894	5
78077	Цар Асен	1	4895	176
77308	Цар Калоян	2	4896	249
78207	Цар Калоян	1	4897	123
78238	Цар Самуил	1	4898	240
66442	Цар Симеоново	1	4899	49
83363	Цар Шишманово	1	4900	139
78080	Царацово	1	4901	141
78104	Царев брод	1	4902	261
78118	Царев дол	1	4903	240
12677	Царева ливада	1	4904	81
78094	Царева поляна	1	4905	220
78121	Царевец	1	4906	202
78135	Царевец	1	4907	143
78149	Царевец	1	4908	125
78152	Царевец	1	4909	74
48619	Царево	2	4910	250
70220	Царевци	1	4911	1
78166	Царевци	1	4912	159
78171	Царимир	1	4913	229
78183	Царино	1	4914	108
78197	Царичина	1	4915	114
48982	Царичино	1	4916	11
78224	Цар-Петрово	1	4917	124
80203	Царски извор	1	4918	222
78241	Цацаровци	1	4919	93
78255	Цацаровци	1	4920	80
78269	Цвеклювци	1	4921	85
78272	Цветино	1	4922	45
78286	Цветкова бара	1	4923	20
78297	Цветница	1	4924	241
78302	Цвятковци	1	4925	55
78313	Цвятово	1	4926	71
78327	Цегриловци	1	4927	237
78330	Целина	1	4928	258
78344	Ценино	1	4929	156
78358	Ценович	1	4930	206
78361	Ценово	1	4931	251
78375	Ценово	1	4932	258
78389	Цепераните	1	4933	44
78392	Церетелево	1	4934	229
78402	Церецел	1	4935	203
78416	Церковски	1	4936	106
78428	Церова кория	1	4937	44
78433	Церовец	1	4938	95
78447	Церовица	1	4939	126
78450	Церовище	1	4940	159
78464	Церово	1	4941	21
78478	Церово	1	4942	128
78481	Церово	1	4943	203
78495	Циклово	1	4944	23
78505	Цирка	1	4945	137
78519	Цонево	1	4946	84
78536	Цонковци	1	4947	44
78543	Црешново	1	4948	126
78553	Цръклевци	1	4949	80
78567	Црънча	1	4950	79
78570	Црънча	1	4951	165
78584	Църварица	1	4952	150
78598	Цървена ябълка	1	4953	126
78608	Цървендол	1	4954	126
78611	Цървеняно	1	4955	126
78625	Цървище	1	4956	116
78639	Църква	1	4957	11
78642	Църквица	1	4958	71
78656	Църквица	1	4959	153
78669	Църквище	1	4960	92
80011	Чавдар	1	4961	252
80025	Чавдар	1	4962	79
80039	Чавдарци	1	4963	130
80042	Чавдарци	1	4964	85
80056	Чавеи	1	4965	55
80065	Чавка	1	4966	108
80073	Чайка	1	4967	180
80087	Чайка	1	4968	147
80090	Чакаларово	1	4969	108
80100	Чакали	1	4970	85
80114	Чакалите	1	4971	238
80128	Чакалци	1	4972	71
80145	Чал	1	4973	120
80159	Чала	1	4974	28
80162	Чалъкови	1	4975	187
80193	Чамла	1	4976	213
80217	Чарган	1	4977	239
80220	Чарда	1	4978	223
81904	Чарково	1	4979	55
80248	Чеганци	1	4980	125
80251	Чеканец	1	4981	150
80265	Чеканец	1	4982	80
80279	Чеканци	1	4983	7
80282	Чеканчево	1	4984	60
80306	Челник	1	4985	239
80311	Челопек	1	4986	50
80323	Челопеч	1	4987	253
80340	Челопечене	1	4988	99
80354	Челюстница	1	4989	257
80368	Чемиш	1	4990	57
80371	Чепеларе	2	4991	254
80385	Чепино	1	4992	110
80399	Чепинци	1	4993	191
80409	Чепинци	1	4994	217
80412	Чеплетен	1	4995	213
80426	Чепърлинци	1	4996	80
80437	Червен	1	4997	10
80443	Червен	1	4998	95
80491	Червен брег	1	4999	83
80501	Червен бряг	2	5000	255
80457	Червена	1	5001	202
80460	Червена вода	1	5002	194
81918	Червена локва	1	5003	55
80488	Червена могила	1	5004	183
81921	Червена скала	1	5005	9
80474	Червенаково	1	5006	231
80515	Червенковци	1	5007	85
80529	Червенци	1	5008	52
80532	Черганово	1	5009	100
80546	Черенча	1	5010	261
80552	Черепово	1	5011	245
80563	Череша	1	5012	192
80594	Черешица	1	5013	125
81935	Черешка	1	5014	71
80604	Черешките	1	5015	213
80618	Черешница	1	5016	198
80635	Черешовица	1	5017	20
80649	Черешово	1	5018	16
80652	Черешово	1	5019	212
80666	Черешово	1	5020	213
80678	Черешовска река	1	5021	213
80683	Черкаски	1	5022	54
80697	Черковица	1	5023	155
80707	Черковище	1	5024	146
80710	Черковна	1	5025	180
80724	Черковна	1	5026	184
80738	Черковна	1	5027	82
80741	Черковна	1	5028	241
80755	Черково	1	5029	106
80769	Черна	1	5030	74
80772	Черна	1	5031	248
80786	Черна вода	1	5032	7
80793	Черна гора	1	5033	32
81952	Черна гора	1	5034	167
81850	Черна Места	1	5035	264
80813	Черна могила	1	5036	3
80827	Черна могила	1	5037	245
80830	Черна нива	1	5038	256
80844	Черна скала	1	5039	125
80861	Чернево	1	5040	226
80889	Черневци	1	5041	55
80892	Черни бряг	1	5042	7
80902	Черни Вит	1	5043	233
80916	Черни връх	1	5044	103
80933	Черни връх	1	5045	51
80950	Черни връх	1	5046	214
80978	Черни дял	1	5047	85
80981	Черни Осъм	1	5048	236
80995	Черни рид	1	5049	94
80964	Чернигово	1	5050	9
81966	Черник	1	5051	82
81006	Черница	1	5052	227
81013	Черниче	1	5053	208
81027	Черничево	1	5054	120
81030	Черничево	1	5055	247
81044	Черничино	1	5056	94
81247	Черно поле	1	5057	193
81058	Черновръх	1	5058	238
81061	Черноглавци	1	5059	46
81075	Черногор	1	5060	58
81089	Черногорово	1	5061	165
81092	Черногорово	1	5062	72
81102	Черноград	1	5063	3
81116	Чернодъб	1	5064	201
81121	Чернозем	1	5065	87
81133	Черноземен	1	5066	102
81147	Чернокапци	1	5067	159
81150	Чернолик	1	5068	82
81178	Черноморец	2	5069	215
81181	Черноморци	1	5070	260
81195	Черноок	1	5071	180
81205	Чернооки	1	5072	120
81219	Чернооково	1	5073	56
81222	Чернооково	1	5074	53
81236	Черноочене	1	5075	256
81253	Черньово	1	5076	98
81267	Черньовци	1	5077	125
81270	Честименско	1	5078	232
81284	Четирци	1	5079	150
81308	Чехларе	1	5080	36
81325	Чешлянци	1	5081	235
81339	Чешма	1	5082	91
81342	Чешнегирово	1	5083	195
81356	Чибаовци	1	5084	114
81362	Чилик	1	5085	125
81373	Чилнов	1	5086	68
81387	Чинтулово	1	5087	210
81390	Чипровци	2	5088	257
81400	Чирен	1	5089	50
81414	Чирпан	2	5090	258
81428	Чистово	1	5091	91
81431	Читаковци	1	5092	55
81459	Чифлик	1	5093	18
81462	Чифлик	1	5094	125
81476	Чифлик	1	5095	236
81493	Чичево	1	5096	108
81503	Чичил	1	5097	124
81975	Чоба	1	5098	36
81517	Чобанка	1	5099	147
81520	Чокманово	1	5100	213
81534	Чокоба	1	5101	210
81863	Чолакова	1	5102	45
81548	Чомаково	1	5103	147
81551	Чомаковци	1	5104	255
81565	Чорбаджийско	1	5105	108
81579	Чорул	1	5106	80
81582	Чубра	1	5107	227
81596	Чубрика	1	5108	9
81606	Чудинци	1	5109	126
81619	Чудомир	1	5110	131
81623	Чуйпетлово	1	5111	167
81640	Чукарка	1	5112	3
81654	Чукарово	1	5113	234
81668	Чуката	1	5114	91
81685	Чукилите	1	5115	55
81699	Чуковезер	1	5116	80
81709	Чуковец	1	5117	183
81712	Чуковец	1	5118	5
81726	Чуково	1	5119	81
81734	Чуково	1	5120	147
81757	Чупрене	1	5121	259
81760	Чурек	1	5122	86
81774	Чурен	1	5123	189
81788	Чурилово	1	5124	169
81791	Чуричени	1	5125	169
81801	Чурка	1	5126	137
81815	Чуруково	1	5127	69
81829	Чучулига	1	5128	94
81832	Чучулигово	1	5129	169
31841	Чучур	1	5130	213
83017	Шабла	2	5131	260
83020	Шаново	1	5132	149
83034	Шарани	1	5133	55
83048	Шаренска	1	5134	137
83051	Шарково	1	5135	27
83082	Шатрово	1	5136	22
83106	Шейново	1	5137	100
83586	Шемшево	1	5138	44
83123	Шереметя	1	5139	44
83154	Шиварово	1	5140	192
15944	Шивачево	2	5141	231
83168	Шиливери	1	5142	85
83171	Шилковци	1	5143	85
83185	Шипикова махала	1	5144	25
83199	Шипка	2	5145	100
83209	Шипковица	1	5146	237
83212	Шипково	1	5147	236
83226	Шипок	1	5148	108
83239	Шипот	1	5149	73
83243	Шипочане	1	5150	196
83257	Шипочано	1	5151	126
83260	Шипчените	1	5152	55
83274	Широка лъка	1	5153	213
83288	Широка поляна	1	5154	246
83291	Широки дол	1	5155	196
83315	Широко поле	1	5156	125
83301	Широково	1	5157	68
83329	Шишенци	1	5158	25
83332	Шишковица	1	5159	7
83354	Шишковци	1	5160	126
83377	Шишманово	1	5161	245
83380	Шишманци	1	5162	187
83394	Шияково	1	5163	64
83404	Шкорпиловци	1	5164	78
83418	Шодековци	1	5165	44
83435	Шопите	1	5166	204
83449	Шопци	1	5167	108
83452	Шубеци	1	5168	85
83466	Шума	1	5169	59
83497	Шумата	1	5170	204
83510	Шумен	2	5171	261
83524	Шуменци	1	5172	240
83538	Шумнатица	1	5173	108
83555	Шушня	1	5174	81
84019	Щерна	1	5175	71
84022	Щипско	1	5176	52
84036	Щит	1	5177	201
84049	Щръклево	1	5178	95
84067	Щърково	1	5179	128
85010	Ъглен	1	5180	133
86012	Югово	1	5181	134
86026	Юделник	1	5182	212
86043	Юлиево	1	5183	149
86057	Юнак	1	5184	1
86060	Юнаци	1	5185	147
86074	Юнаците	1	5186	165
86115	Юндола	1	5187	45
86088	Юнец	1	5188	78
86091	Юпер	1	5189	122
86101	Юруково	1	5190	264
87014	Ябланица	2	5191	262
87028	Ябланица	1	5192	203
87031	Ябланово	1	5193	115
87059	Ябълковец	1	5194	9
87062	Ябълково	1	5195	126
87076	Ябълково	1	5196	72
87081	Ябълковци	1	5197	238
87093	Ябълчево	1	5198	192
87103	Ябълчени	1	5199	256
87117	Явор	1	5200	238
87120	Яворец	1	5201	55
87134	Яворница	1	5202	169
87148	Яворовец	1	5203	149
87165	Яворово	1	5204	256
87182	Яворово	1	5205	221
87179	Яврово	1	5206	123
87206	Ягнило	1	5207	48
87212	Ягода	1	5208	149
87223	Ягодина	1	5209	28
87237	Ягодово	1	5210	20
87240	Ягодово	1	5211	189
87254	Яздач	1	5212	258
87271	Язовец	1	5213	7
87285	Яким Груево	1	5214	97
87299	Якимово	1	5215	263
87309	Яковица	1	5216	108
87312	Яково	1	5217	169
87326	Яковци	1	5218	85
87338	Якоруда	2	5219	264
87343	Ялботина	1	5220	80
87360	Ялово	1	5221	44
87374	Ямбол	2	5222	265
87388	Ямино	1	5223	71
87391	Ямна	1	5224	88
87401	Яна	1	5225	217
87415	Янино	1	5226	108
87429	Янково	1	5227	214
87432	Янковци	1	5228	55
87446	Яново	1	5229	198
87453	Янтра	1	5230	61
87463	Янтра	1	5231	81
87477	Яньовец	1	5232	73
87480	Ярджиловци	1	5233	167
87494	Яребица	1	5234	125
87504	Яребица	1	5235	82
87518	Яребична	1	5236	4
87521	Яребично	1	5237	7
87535	Яребковица	1	5238	196
87549	Ярловица	1	5239	73
87552	Ярлово	1	5240	196
87566	Ярловци	1	5241	237
87579	Ярославци	1	5242	35
87583	Ясен	1	5243	158
87597	Ясен	1	5244	172
87607	Ясените	1	5245	55
87610	Ясенково	1	5246	46
87624	Ясеновец	1	5247	184
87638	Ясеново	1	5248	192
87641	Ясеново	1	5249	100
87655	Ясна поляна	1	5250	179
87669	Ясно поле	1	5251	141
87672	Ястреб	1	5252	125
87686	Ястребино	1	5253	7
87694	Ястребна	1	5254	209
87700	Ястребово	1	5255	194
87713	Ястребово	1	5256	161
87727	Яхиново	1	5257	83
\.


--
-- Data for Name: townships; Type: TABLE DATA; Schema: public; Owner: postgres
--

COPY public.townships (township, name, area_id, id) FROM stdin;
VAR01	Аврен	3	1
SFO59	Долна баня	22	2
BGS01	Айтос	2	3
VAR02	Аксаково	3	4
SLS01	Алфатар	19	5
SFO54	Антон	22	6
TGV02	Антоново	25	7
LOV02	Априлци	11	8
KRZ02	Ардино	9	9
PDV01	Асеновград	16	10
DOB03	Балчик	8	11
SML02	Баните	21	12
BLG01	Банско	1	13
PAZ03	Батак	13	14
PVN03	Белене	15	15
BLG02	Белица	1	16
PAZ04	Белово	13	17
VID01	Белоградчик	5	18
VAR04	Белослав	3	19
MON02	Берковица	12	20
BLG03	Благоевград	1	21
KNL04	Бобов дол	10	22
KNL05	Бобошево	10	23
SFO06	Божурище	22	24
VID03	Бойница	5	25
MON04	Бойчиновци	12	26
JAM03	Болярово	28	27
SML05	Борино	21	28
VRC05	Борован	6	29
RSE03	Борово	18	30
SFO07	Ботевград	22	31
SZR04	Братя Даскалови	24	32
PAZ06	Брацигово	13	33
VID06	Брегово	5	34
PER08	Брезник	14	35
PDV07	Брезово	16	36
MON07	Брусарци	12	37
BGS04	Бургас	2	38
RSE04	Бяла	18	39
VAR05	Бяла	3	40
VRC08	Бяла Слатина	6	41
VAR06	Варна	3	42
SHU23	Велики Преслав	27	43
VTR04	Велико Търново	4	44
PAZ08	Велинград	13	45
SHU07	Венец	27	46
RSE05	Ветово	18	47
VAR08	Ветрино	3	48
VID09	Видин	5	49
VRC10	Враца	6	50
MON11	Вълчедръм	12	51
VAR09	Вълчи дол	3	52
SHU10	Върбица	27	53
MON12	Вършец	12	54
GAB05	Габрово	7	55
DOB12	Генерал Тошево	8	56
MON14	Георги Дамяново	12	57
SLS07	Главиница	19	58
SFO09	Годеч	22	59
SFO10	Горна Малина	22	60
VTR06	Горна Оряховица	4	61
BLG11	Гоце Делчев	1	62
VID15	Грамада	5	63
PVN08	Гулянци	15	64
SZR37	Гурково	24	65
SZR07	Гълъбово	24	66
BLG13	Гърмен	1	67
RSE08	Две могили	18	68
SML09	Девин	21	69
VAR14	Девня	3	70
KRZ08	Джебел	9	71
HKV09	Димитровград	26	72
VID16	Димово	5	73
DOB15	Добрич-селска	8	74
DOB28	Добрич	8	75
PVN10	Долна Митрополия	15	76
PVN11	Долни Дъбник	15	77
VAR13	Долни чифлик	3	78
SML10	Доспат	21	79
SFO16	Драгоман	22	80
GAB12	Дряново	7	81
SLS10	Дулово	19	82
KNL48	Дупница	10	83
VAR16	Дългопол	3	84
VTR13	Елена	4	85
SFO17	Елин Пелин	22	86
JAM07	Елхово	28	87
SFO18	Етрополе	22	88
RAZ11	Завет	17	89
PER19	Земен	14	90
VTR14	Златарица	4	91
SFO47	Златица	22	92
SML11	Златоград	21	93
HKV11	Ивайловград	26	94
RSE13	Иваново	18	95
PVN23	Искър	15	96
RAZ14	Исперих	17	97
SFO20	Ихтиман	22	98
DOB17	Каварна	8	99
SZR12	Казанлък	24	100
SLS15	Кайнарджа	19	101
PDV12	Калояново	16	102
BGS08	Камено	2	103
SHU18	Каолиново	27	104
PDV13	Карлово	16	105
BGS09	Карнобат	2	106
SHU19	Каспичан	27	107
KRZ14	Кирково	9	108
PVN39	Кнежа	15	109
PER22	Ковачевци	14	110
VRC20	Козлодуй	6	111
SFO24	Копривщица	22	112
SFO25	Костенец	22	113
SFO26	Костинброд	22	114
SLV11	Котел	20	115
KNL27	Кочериново	10	116
BLG28	Кресна	1	117
VRC21	Криводол	6	118
PDV39	Кричим	16	119
KRZ15	Крумовград	9	120
DOB20	Крушари	8	121
RAZ16	Кубрат	17	122
PDV42	Куклен	16	123
VID22	Кула	5	124
KRZ16	Кърджали	9	125
KNL29	Кюстендил	10	126
PVN16	Левски	15	127
PAZ14	Лесичово	13	128
LOV17	Летница	11	129
LOV18	Ловеч	11	130
RAZ17	Лозница	17	131
MON24	Лом	12	132
LOV19	Луковит	11	133
PDV15	Лъки	16	134
HKV17	Любимец	26	135
VTR20	Лясковец	4	136
SML16	Мадан	21	137
HKV18	Маджарово	26	138
VID25	Макреш	5	139
BGS12	Малко Търново	2	140
PDV17	Марица	16	141
MON26	Медковец	12	142
VRC27	Мездра	6	143
VRC28	Мизия	6	144
HKV19	Минерални бани	26	145
SFO56	Мирково	22	146
KRZ21	Момчилград	9	147
MON29	Монтана	12	148
SZR22	Мъглиж	24	149
KNL31	Невестино	10	150
SML18	Неделино	21	151
BGS15	Несебър	2	152
SHU21	Никола Козлево	27	153
SZR38	Николаево	24	154
PVN21	Никопол	15	155
SLV16	Нова Загора	20	156
SHU22	Нови пазар	27	157
VID30	Ново село	5	158
TGV22	Омуртаг	25	159
TGV23	Опака	25	160
SZR23	Опан	24	161
VRC31	Оряхово	6	162
SZR24	Павел баня	24	163
VTR22	Павликени	4	164
PAZ19	Пазарджик	13	165
PAZ20	Панагюрище	13	166
PER32	Перник	14	167
PDV40	Перущица	16	168
BLG33	Петрич	1	169
PAZ21	Пещера	13	170
SFO55	Пирдоп	22	171
PVN24	Плевен	15	172
PDV22	Пловдив	16	173
VTR26	Полски Тръмбеш	4	174
BGS17	Поморие	2	175
TGV24	Попово	25	176
PVN27	Пордим	15	177
SFO34	Правец	22	178
BGS27	Приморско	2	179
VAR24	Провадия	3	180
PDV23	Първомай	16	181
SZR27	Раднево	24	182
PER36	Радомир	14	183
RAZ26	Разград	17	184
BLG37	Разлог	1	185
PAZ24	Ракитово	13	186
PDV25	Раковски	16	187
KNL38	Рила	10	188
PDV26	Родопи	16	189
VRC32	Роман	6	190
SML27	Рудозем	21	191
BGS18	Руен	2	192
VID33	Ружинци	5	193
RSE27	Русе	18	194
PDV28	Садово	16	195
SFO39	Самоков	22	196
RAZ29	Самуил	17	197
BLG40	Сандански	1	198
KNL41	Сапарева баня	10	199
BLG42	Сатовча	1	200
HKV28	Свиленград	26	201
VTR28	Свищов	4	202
SFO43	Своге	22	203
GAB29	Севлиево	7	204
PAZ29	Септември	13	205
SLS31	Силистра	19	206
HKV29	Симеоновград	26	207
BLG44	Симитли	1	208
SLS32	Ситово	19	209
SLV20	Сливен	20	210
SFO45	Сливница	22	211
RSE33	Сливо поле	18	212
SML31	Смолян	21	213
SHU25	Смядово	27	214
BGS21	Созопол	2	215
PDV43	Сопот	16	216
SOF46	Столична	23	217
BGS06	Средец	2	218
PDV41	Стамболийски	16	219
HKV30	Стамболово	26	220
SZR31	Стара Загора	24	221
VTR31	Стражица	4	222
JAM22	Стралджа	28	223
PAZ32	Стрелча	13	224
BLG49	Струмяни	1	225
VAR26	Суворово	3	226
BGS23	Сунгурларе	2	227
VTR32	Сухиндол	4	228
PDV33	Съединение	16	229
PAZ39	Сърница	13	230
SLV24	Твърдица	20	231
DOB27	Тервел	8	232
LOV33	Тетевен	11	233
HKV32	Тополовград	26	234
KNL50	Трекляно	10	235
LOV34	Троян	11	236
PER51	Трън	14	237
GAB35	Трявна	7	238
JAM25	Тунджа	28	239
SLS34	Тутракан	19	240
TGV35	Търговище	25	241
LOV36	Угърчин	11	242
BLG52	Хаджидимово	1	243
VRC35	Хайредин	6	244
HKV33	Харманли	26	245
HKV34	Хасково	26	246
PDV37	Хисаря	16	247
SHU11	Хитрино	27	248
RAZ36	Цар Калоян	17	249
BGS13	Царево	2	250
RSE37	Ценово	18	251
SFO57	Чавдар	22	252
SFO58	Челопеч	22	253
SML38	Чепеларе	21	254
PVN37	Червен бряг	15	255
KRZ35	Черноочене	9	256
MON36	Чипровци	12	257
SZR36	Чирпан	24	258
VID37	Чупрене	5	259
DOB29	Шабла	8	260
SHU30	Шумен	27	261
LOV38	Ябланица	11	262
MON38	Якимово	12	263
BLG53	Якоруда	1	264
JAM26	Ямбол	28	265
\.


--
-- Data for Name: types; Type: TABLE DATA; Schema: public; Owner: ekatte_user
--

COPY public.types (id, t_v_m) FROM stdin;
1	с.
2	гр.
3	ман.
\.


--
-- Name: areas_id_seq; Type: SEQUENCE SET; Schema: public; Owner: postgres
--

SELECT pg_catalog.setval('public.areas_id_seq', 28, true);


--
-- Name: settlements_id_seq; Type: SEQUENCE SET; Schema: public; Owner: postgres
--

SELECT pg_catalog.setval('public.settlements_id_seq', 5257, true);


--
-- Name: townships_id_seq; Type: SEQUENCE SET; Schema: public; Owner: postgres
--

SELECT pg_catalog.setval('public.townships_id_seq', 265, true);


--
-- Name: types_id_seq; Type: SEQUENCE SET; Schema: public; Owner: ekatte_user
--

SELECT pg_catalog.setval('public.types_id_seq', 3, true);


--
-- Name: areas areas_pkey; Type: CONSTRAINT; Schema: public; Owner: postgres
--

ALTER TABLE ONLY public.areas
    ADD CONSTRAINT areas_pkey PRIMARY KEY (id);


--
-- Name: settlements settlements_pkey; Type: CONSTRAINT; Schema: public; Owner: postgres
--

ALTER TABLE ONLY public.settlements
    ADD CONSTRAINT settlements_pkey PRIMARY KEY (id);


--
-- Name: townships townships_pkey; Type: CONSTRAINT; Schema: public; Owner: postgres
--

ALTER TABLE ONLY public.townships
    ADD CONSTRAINT townships_pkey PRIMARY KEY (id);


--
-- Name: types types_pkey; Type: CONSTRAINT; Schema: public; Owner: ekatte_user
--

ALTER TABLE ONLY public.types
    ADD CONSTRAINT types_pkey PRIMARY KEY (id);


--
-- Name: settlements settlement_townships_fkey; Type: FK CONSTRAINT; Schema: public; Owner: postgres
--

ALTER TABLE ONLY public.settlements
    ADD CONSTRAINT settlement_townships_fkey FOREIGN KEY (township_id) REFERENCES public.townships(id);


--
-- Name: townships townships_areas_fkey; Type: FK CONSTRAINT; Schema: public; Owner: postgres
--

ALTER TABLE ONLY public.townships
    ADD CONSTRAINT townships_areas_fkey FOREIGN KEY (area_id) REFERENCES public.areas(id);


--
-- Name: SCHEMA public; Type: ACL; Schema: -; Owner: postgres
--

GRANT USAGE ON SCHEMA public TO read_only;


--
-- Name: TABLE areas; Type: ACL; Schema: public; Owner: postgres
--

GRANT SELECT ON TABLE public.areas TO read_only;


--
-- Name: TABLE settlements; Type: ACL; Schema: public; Owner: postgres
--

GRANT SELECT ON TABLE public.settlements TO read_only;


--
-- Name: TABLE townships; Type: ACL; Schema: public; Owner: postgres
--

GRANT SELECT ON TABLE public.townships TO read_only;


--
-- Name: TABLE types; Type: ACL; Schema: public; Owner: ekatte_user
--

GRANT SELECT ON TABLE public.types TO read_only;


--
-- Name: DEFAULT PRIVILEGES FOR TABLES; Type: DEFAULT ACL; Schema: public; Owner: ekatte_user
--

ALTER DEFAULT PRIVILEGES FOR ROLE ekatte_user IN SCHEMA public REVOKE ALL ON TABLES  FROM ekatte_user;
ALTER DEFAULT PRIVILEGES FOR ROLE ekatte_user IN SCHEMA public GRANT SELECT ON TABLES  TO read_only;


--
-- PostgreSQL database dump complete
--

